Economically Disadvantaged %,Economically Disadvantaged category,Number of Students,School Code,School Name,Attending Coll./Univ. (#),Attending Coll./Univ. (%),Average Class Size,High School Graduates (#),MA Community College (%),MA State University (%),Private Four-Year (%),Private Two-Year (%),Public Four-Year (%),Public Two-Year (%),Univ.of Mass. (%)
46.4,<50%,"      1,421",04450105,Abby Kelley Foster Charter Public (District) - Abby Kelley Foster Charter Public School,71,78,18.3,91,23.9,18.3,28.2,0,47.9,23.9,19.7
52, >50%,        587,00010505,Abington - Abington High,111,74.5,16.7,149,17.1,14.4,36,0,45.9,17.1,16.2
50.7, >50%,        497,04120530,Academy Of the Pacific Rim Charter Public (District) - Academy Of the Pacific Rim Charter Public School,27,45.8,17.3,59,7.4,11.1,63,0,29.6,7.4,18.5
51.6, >50%,"      1,713",06000505,Acton-Boxborough - Acton-Boxborough Regional High,384,86.1,17,446,5.5,2.6,46.1,0,47.7,6.3,15.1
53.6, >50%,        965,04300305,Advanced Math and Science Academy Charter (District) - Advanced Math and Science Academy Charter School,127,88.8,18.5,143,2.4,6.3,54.3,0,43.3,2.4,11.8
52.3, >50%,"      1,054",00050505,Agawam - Agawam High,130,61,14.2,213,20,16.2,43.1,0,33.8,23.1,6.2
50.2, >50%,        466,00070505,Amesbury - Amesbury High,82,75.9,12.7,108,15.9,12.2,32.9,0,50,17.1,20.7
50,<50%,         52,00070515,Amesbury - Amesbury Innovation High School,4,26.7,9,15,25,25,0,0,75,25,0
52.7, >50%,        868,06050505,Amherst-Pelham - Amherst Regional High,152,69.4,13.6,219,19.7,4.6,46.7,0,33.6,19.7,15.1
49.1,<50%,"      1,677",00090505,Andover - Andover High,335,88.4,14.8,379,5.4,2.1,50.7,0,43,6.3,20
53.6, >50%,        582,35090305,Argosy Collegiate Charter School (District) - Argosy Collegiate Charter School,35,55.6,19.2,63,54.3,2.9,14.3,0,31.4,54.3,22.9
46.9,<50%,"      1,504",00100505,Arlington - Arlington High,275,74.5,14.7,369,6.2,4.7,50.5,0,43.3,6.2,19.6
53, >50%,        630,06100505,Ashburnham-Westminster - Oakmont Regional High School,91,71.7,15.1,127,14.3,20.9,40.7,0,44,15.4,16.5
49.8,<50%,        842,00140505,Ashland - Ashland High,174,78,17.2,223,6.3,6.3,43.1,0,50.6,6.3,19.5
56.9, >50%,"      1,121",08010605,Assabet Valley Regional Vocational Technical - Assabet Valley Vocational High School,95,36.1,17.6,263,34.7,14.7,29.5,0,35.8,34.7,12.6
55.2, >50%,        366,06150505,Athol-Royalston - Athol High,27,37,14.2,73,37,14.8,37,0,25.9,37,7.4
46.6,<50%,"      1,288",04910550,Atlantis Charter (District) - Atlantis Charter School,42,57.5,21.2,73,19,21.4,31,0,50,19,19
53.5, >50%,        101,00160515,Attleboro - Attleboro Community Academy,5,9.4,16.2,53,40,20,0,0,40,60,0
54.3, >50%,"      1,800",00160505,Attleboro - Attleboro High,257,63.9,19.3,402,13.2,13.6,33.1,0,51,16,17.9
47.5,<50%,         59,00160705,Attleboro - Attleboro Virtual Academy,,,7,13,,,,,,,
50.2, >50%,        848,00170505,Auburn - Auburn Senior High,111,64.5,16.3,172,11.7,27,36,0,52.3,11.7,11.7
53.5, >50%,        316,00180510,Avon - Avon Middle High School,25,64.1,12.3,39,24,12,36,0,40,24,28
51.9, >50%,        372,06160505,Ayer Shirley School District - Ayer Shirley Regional High School,38,57.6,15.1,66,7.9,26.3,47.4,0,44.7,7.9,15.8
50.3, >50%,"      1,671",00200505,Barnstable - Barnstable High,179,57.4,13.8,312,24.6,11.7,36.9,0,38,25.1,12.8
55.1, >50%,        432,35020405,Baystate Academy Charter Public School (District) - Baystate Academy Charter Public School,26,61.9,14.7,42,42.3,19.2,34.6,0,23.1,42.3,3.8
52.2, >50%,        843,00230505,Bedford - Bedford High,185,85.3,12.9,217,10.3,2.7,43.8,0,45.4,10.8,16.8
48.6,<50%,        661,00240505,Belchertown - Belchertown High,112,76.2,14.1,147,21.4,13.4,44.6,0,33,22.3,4.5
48.6,<50%,        753,00250505,Bellingham - Bellingham High School,92,73,17.9,126,12,23.9,38,0,47.8,14.1,8.7
43.3,<50%,         30,00250510,Bellingham - Keough Memorial Academy,,,5.3,2,,,,,,,
49.3,<50%,"      1,347",00260505,Belmont - Belmont High,264,78.3,20.7,337,3.4,3.4,56.8,0,39.8,3.4,19.7
54.2, >50%,        373,04140305,Berkshire Arts and Technology Charter Public (District) - Berkshire Arts and Technology Charter Public School,24,61.5,18.2,39,8.3,20.8,37.5,0,54.2,8.3,16.7
50.2, >50%,        508,06180505,Berkshire Hills - Monument Mt Regional High,91,65.5,10.9,139,14.3,6.6,45.1,2.2,36.3,16.5,11
48.8,<50%,        533,06200505,Berlin-Boylston - Tahanto Regional High,57,77,15.5,74,15.8,7,45.6,0,38.6,15.8,10.5
52.1, >50%,"      1,300",00300505,Beverly - Beverly High,222,67.1,20.3,331,14.9,10.4,37.4,0,47.3,15.3,18
51.1, >50%,"      1,771",00310505,Billerica - Billerica Memorial High School,231,80.2,19.2,288,16,9.1,40.3,0,42.9,16.9,22.1
50.5, >50%,"      1,223",08050605,Blackstone Valley Regional Vocational Technical - Blackstone Valley,225,75.5,17.2,298,9.3,17.8,42.2,0,47.6,10.2,13.3
49.9,<50%,        417,06220505,Blackstone-Millville - Blackstone Millville RHS,64,62.7,12.7,102,10.9,20.3,39.1,0,42.2,18.8,10.9
52.5, >50%,        907,08060605,Blue Hills Regional Vocational Technical - Blue Hills Regional Vocational Technical,109,52.2,15.5,209,30.3,10.1,33,0,35.8,31.2,20.2
58.5, >50%,        260,00350541,Boston - Another Course To College,23,42.6,15.2,54,56.5,0,34.8,0,8.7,56.5,8.7
53.7, >50%,        175,00350548,Boston - Boston Adult Tech Academy,21,22.6,10.4,93,61.9,0,33.3,0,0,66.7,0
31,<50%,        481,00350546,Boston - Boston Arts Academy,66,59.5,14.9,111,16.7,16.7,43.9,1.5,37.9,16.7,12.1
47.7,<50%,        176,00350755,Boston - Boston Collaborative High School,7,23.3,6.8,30,100,0,0,0,0,100,0
49.6,<50%,        700,00350558,Boston - Boston Community Leadership Academy,50,45.9,15.2,109,28,4,26,0,46,28,40
61.6, >50%,        528,00350507,Boston - Boston International High School & Newcomers Academy,31,36.9,14.4,84,32.3,6.5,32.3,0,35.5,32.3,25.8
42.5,<50%,"      1,675",00350545,Boston - Boston Latin Academy,194,79.8,23.2,243,7.2,8.2,51,0,41.8,7.2,25.3
46.5,<50%,"      2,377",00350560,Boston - Boston Latin School,325,88.6,23.2,367,1.5,1.5,61.2,0,36.9,1.8,26.2
54.9, >50%,        514,00350505,Boston - Brighton High School,34,32.7,12.6,104,26.5,8.8,38.2,0,35.3,26.5,26.5
59.2, >50%,        365,00350525,Boston - Burke High School,34,40.5,12.1,84,44.1,17.6,17.6,0,38.2,44.1,17.6
55.5, >50%,        892,00350515,Boston - Charlestown High School,51,31.7,13.8,161,41.2,2,35.3,0,23.5,41.2,15.7
60.3, >50%,         68,00350518,Boston - Community Academy,,,9.9,13,,,,,,,
52.1, >50%,        342,00350581,Boston - Community Academy of Science and Health,17,31.5,12.9,54,35.3,5.9,35.3,0,23.5,41.2,17.6
49.3,<50%,        609,00350074,Boston - Dearborn 6-12 STEM Academy,25,31.3,19.2,80,40,0,36,0,24,40,20
57.9, >50%,"      1,217",00350530,Boston - East Boston High School,76,27.5,16.3,276,40.8,6.6,30.3,0,26.3,43.4,15.8
52.2, >50%,        600,00350535,Boston - English High School,51,38.6,15.3,132,52.9,5.9,15.7,0,31.4,52.9,25.5
57.1, >50%,        445,00350522,Boston - Excel High School,35,36.1,13.4,97,37.1,2.9,28.6,0,34.3,37.1,31.4
48.2,<50%,        380,00350540,Boston - Fenway High School,45,54.9,17,82,28.9,13.3,48.9,0,22.2,28.9,8.9
46,<50%,        124,00350543,Boston - Greater Egleston High School,9,26.5,10.7,34,77.8,0,11.1,0,11.1,77.8,11.1
53.4, >50%,        753,00350426,Boston - Henderson K-12 Inclusion School Upper,30,50.8,19.7,59,16.7,3.3,50,0,33.3,16.7,30
69.2, >50%,         78,00350750,Boston - Horace Mann School for the Deaf Hard of Hearing,,,5,5,,,,,,,
65.7, >50%,        131,00350655,Boston - Lyon High School,24,64.9,13.8,37,29.2,12.5,29.2,0,41.7,29.2,25
60.4, >50%,"      1,098",00350537,Boston - Madison Park Technical Vocational High School,37,22.4,16.4,165,48.6,10.8,21.6,2.7,27,48.6,16.2
47.9,<50%,        313,00350549,Boston - Margarita Muniz Academy,26,37.1,18.3,70,26.9,0,30.8,0,42.3,26.9,42.3
77.8, >50%,        239,00350363,Boston - McKinley Schools,6,28.6,6.2,21,50,0,33.3,0,16.7,50,16.7
47.8,<50%,        538,00350542,Boston - New Mission High School,47,59.5,16.3,79,12.8,4.3,42.6,0,42.6,14.9,36.2
46.5,<50%,"      1,528",00350575,Boston - O'Bryant School of Math & Science,199,72.1,21.3,276,7,1.5,45.2,0,47.7,7,40.7
52.7, >50%,        564,00350565,Boston - Quincy Upper School,40,65.6,19.8,61,7.5,7.5,60,0,32.5,7.5,25
48,<50%,        479,00350690,Boston - Snowden International High School,48,52.2,17.4,92,37.5,8.3,16.7,0,43.8,39.6,35.4
57.2, >50%,        916,00350657,Boston - TechBoston Academy,51,41.8,12.7,122,45.1,9.8,7.8,0,47.1,45.1,33.3
50.2, >50%,        715,04490305,Boston Collegiate Charter (District) - Boston Collegiate Charter School,62,82.7,19.8,75,3.2,4.8,53.2,0,43.5,3.2,33.9
46.8,<50%,        417,04240505,Boston Day and Evening Academy Charter (District) - Boston Day and Evening Academy Charter School,9,25,12.7,36,55.6,0,44.4,0,0,55.6,0
53.6, >50%,        457,04110305,Boston Green Academy Horace Mann Charter School (District) - Boston Green Academy Horace Mann Charter School,33,51.6,14.6,64,51.5,6.1,21.2,0,27.3,51.5,21.2
50.1, >50%,        673,04160305,Boston Preparatory Charter Public (District) - Boston Preparatory Charter Public School,53,80.3,18.2,66,15.1,13.2,41.5,0,43.4,15.1,28.3
48.3,<50%,        381,00360505,Bourne - Bourne High School,81,76.4,14,106,12.3,13.6,22.2,0,65.4,12.3,24.7
50,<50%,"      1,761",00400505,Braintree - Braintree High,339,82.3,16.5,412,9.4,8.6,43.7,0,46.6,9.7,23.3
52.1, >50%,"      1,381",06250505,Bridgewater-Raynham - Bridgewater-Raynham Regional,272,77.1,16,353,7.7,21,35.3,0,56.6,8.1,17.3
61.5, >50%,         13,06250415,Bridgewater-Raynham - Therapeutic Day School,,,3.9,3,,,,,,,
28,<50%,        503,09100705,Bristol County Agricultural - Bristol County Agricultural High,61,61.6,18.7,99,21.3,11.5,24.6,0,52.5,23,14.8
59.4, >50%,"      1,326",08100605,Bristol-Plymouth Regional Vocational Technical - Bristol-Plymouth Vocational Technical,118,37.9,17.3,311,33.1,22.9,19.5,0,46.6,33.9,16.1
59.4, >50%,        214,00440515,Brockton - Brockton Champion High School,4,18.2,10,22,25,0,50,0,25,25,25
53.7, >50%,"      3,829",00440505,Brockton - Brockton High,330,47.8,16.1,690,33.9,13.6,27.9,0,37,34.2,19.1
50.9, >50%,        336,00440705,Brockton - Brockton Virtual Learning Academy,7,36.8,13.2,19,42.9,0,14.3,0,42.9,42.9,42.9
62.8, >50%,        374,00440520,Brockton - Edison Academy,13,6.7,13.6,194,76.9,7.7,0,0,23.1,76.9,7.7
67.5, >50%,         80,00440400,Brockton - Huntington Therapeutic Day School,,,6.8,10,,,,,,,
48.3,<50%,"      2,148",04280305,Brooke Charter School (District) - Brooke Charter School,51,76.1,19.1,67,9.8,0,41.2,0,49,9.8,43.1
50.8, >50%,"      2,089",00460505,Brookline - Brookline High,374,74.4,14.1,503,2.9,1.6,62.3,0,34.2,3.5,13.9
52.5, >50%,"      1,018",00480505,Burlington - Burlington High,185,77.1,12.7,240,14.1,4.3,40,0,44.9,15.1,26.5
48.9,<50%,"      1,889",00490506,Cambridge - Cambridge Rindge and Latin,308,66.1,13.9,466,15.3,3.2,50.6,0.3,33.4,15.6,20.8
44.1,<50%,        902,00500505,Canton - Canton High,218,86.5,15.8,252,6,7.8,47.2,0,45.9,6.9,19.3
62.2, >50%,        642,08150605,Cape Cod Regional Vocational Technical - Cape Cod Region Vocational Technical,48,38.4,14.6,125,52.1,10.4,29.2,0,16.7,54.2,4.2
53.2, >50%,        725,00520405,Carver - Carver Middle/High School,45,69.2,13.7,65,22.2,31.1,33.3,0,44.4,22.2,8.9
52.5, >50%,        505,06350505,Central Berkshire - Wahconah Regional High,66,58.9,14.6,112,28.8,6.1,31.8,0,37.9,30.3,15.2
50.1, >50%,"      1,357",00560505,Chelmsford - Chelmsford High,274,82,15.9,334,9.1,5.8,39.1,0,51.1,9.9,28.1
54.6, >50%,"      1,637",00570505,Chelsea - Chelsea High,84,33.9,23.7,248,53.6,8.3,19,0,23.8,57.1,14.3
65.3, >50%,        147,00570515,Chelsea - Chelsea Opportunity Academy,1,2.7,6.2,37,100,0,0,0,0,100,0
,<50%,         74,00570705,Chelsea - Chelsea Virtual Learning Academy,,,6.2,7,,,,,,,
68.6, >50%,        102,00610021,Chicopee - Chicopee Academy,,,7.8,6,,,,,,,
56.2, >50%,"      1,161",00610510,Chicopee - Chicopee Comprehensive High School,115,51.6,14.6,223,40.9,11.3,34.8,0.9,23.5,40.9,7
48.3,<50%,        931,00610505,Chicopee - Chicopee High,108,47.8,16.3,226,32.4,12,42.6,0,25,32.4,5.6
50.5, >50%,        204,04370505,City on a Hill Charter Public School (District) - City on a Hill Charter Public School,22,51.2,14.1,43,45.5,9.1,13.6,0,36.4,50,27.3
53.4, >50%,        521,00640505,Clinton - Clinton Senior High,56,52.8,15.5,106,8.9,21.4,32.1,0,57.1,10.7,16.1
49.4,<50%,        340,04380505,Codman Academy Charter Public (District) - Codman Academy Charter Public School,18,62.1,14.7,29,11.1,0,61.1,0,27.8,11.1,27.8
50.9, >50%,        428,00650505,Cohasset - Cohasset High School,92,92,14.3,100,0,1.1,60.9,0,38,1.1,4.3
43.1,<50%,        290,04360305,Community Charter School of Cambridge (District) - Community Charter School of Cambridge,38,79.2,13,48,15.8,5.3,44.7,0,39.5,15.8,34.2
49.6,<50%,"      1,326",06400505,Concord-Carlisle - Concord Carlisle High,271,83.1,19.3,326,5.2,1.5,56.8,0,37.3,5.9,8.9
50.2, >50%,        805,00710505,Danvers - Danvers High,141,74.2,15.2,190,11.3,13.5,48.2,0,40.4,11.3,14.2
50.1, >50%,"      1,041",00720505,Dartmouth - Dartmouth High,202,75.7,18.4,267,14.9,12.4,31.7,0,53,15.3,27.2
51.3, >50%,        716,00730505,Dedham - Dedham High,118,72.4,14.8,163,14.4,7.6,39,0,46.6,14.4,18.6
50.4, >50%,        916,06450505,Dennis-Yarmouth - Dennis-Yarmouth Regional High,95,61.3,11.4,155,27.4,8.4,32.6,0,40,27.4,25.3
50.4, >50%,        712,06500505,Dighton-Rehoboth - Dighton-Rehoboth Regional High School,133,76.9,16.1,173,9,13.5,39.8,0,49.6,10.5,12
52.1, >50%,        340,00770505,Douglas - Douglas High School,54,62.1,13.5,87,11.1,16.7,37,0,51.9,11.1,22.2
50.7, >50%,        659,06550505,Dover-Sherborn - Dover-Sherborn Regional High,131,81.9,15.9,160,0.8,1.5,71,0,26.7,2.3,3.8
50,<50%,        882,00790505,Dracut - Dracut Senior High,167,73.2,18.2,228,28.7,2.4,21,0,49.7,29.3,39.5
47.6,<50%,        922,06580505,Dudley-Charlton Reg - Shepherd Hill Regional High,190,78.2,16.5,243,12.6,24.2,37.4,0,48.9,13.7,13.7
50.4, >50%,        949,00820505,Duxbury - Duxbury High,192,85.3,17.3,225,1.6,5.7,55.7,0,42.7,1.6,14.6
54.5, >50%,        953,00830505,East Bridgewater - East Bridgewater JR./SR. High School,118,75.2,19.5,157,10.2,29.7,35.6,0,54.2,10.2,14.4
51.8, >50%,        816,00870505,East Longmeadow - East Longmeadow High,157,77,18.3,204,14,10.2,44.6,0,35,20.4,14
48.3,<50%,        410,00860505,Easthampton - Easthampton High,64,64.6,14.6,99,43.8,9.4,26.6,0,28.1,45.3,9.4
50,<50%,"      1,123",00880505,Easton - Oliver Ames High,233,85.3,17.4,273,7.3,9.4,47.6,0,44.2,7.7,12
33.9,<50%,        375,04520505,Edward M. Kennedy Academy for Health Careers (Horace Mann Charter) (District) - Edward M. Kennedy Academy for Health Careers (Horace Mann Charter School),51,60,18.3,85,43.1,11.8,21.6,0,35.3,43.1,21.6
42.2,<50%,"      1,627",08170505,Essex North Shore Agricultural and Technical School District - Essex North Shore Agricultural and Technical School,224,60.2,17.6,372,14.3,13.4,41.5,0,42.9,15.6,9.8
72.3, >50%,         65,00930030,Everett - Devens School,,,4.9,4,,,,,,,
51.2, >50%,"      2,353",00930505,Everett - Everett High,197,43.1,22.2,457,28.4,17.8,35,0.5,34,30.5,13.2
50.6, >50%,"      1,388",04100205,Excel Academy Charter (District) - Excel Academy Charter School,95,60.5,22.9,157,20,7.4,48.4,1.1,30.5,20,22.1
48.5,<50%,        631,00940505,Fairhaven - Fairhaven High,114,78.1,15.2,146,24.6,14,28.9,0,46.5,24.6,18.4
50.5, >50%,"      2,519",00950505,Fall River - B M C Durfee High,173,35.7,19.9,484,47.4,14.5,20.2,0,31.8,48,15.6
66.1, >50%,        248,00950525,Fall River - Resiliency Preparatory Academy,2,3.7,9,54,50,0,0,0,0,100,0
71.3, >50%,        101,00950340,Fall River - Stone PK-12 School,,,5.9,5,,,,,,,
51.2, >50%,        816,00960505,Falmouth - Falmouth High,127,67.6,14.6,188,21.3,7.9,44.9,0,33.9,21.3,9.4
51.9, >50%,"      1,271",00970505,Fitchburg - Fitchburg High,108,47.8,18.1,226,23.1,32.4,31.5,0.9,44.4,23.1,8.3
54.8, >50%,        270,00970510,Fitchburg - Goodrich Academy,14,9.8,8.1,143,50,21.4,14.3,7.1,28.6,50,7.1
43.9,<50%,        228,04130505,Four Rivers Charter Public (District) - Four Rivers Charter Public School,19,54.3,13.3,35,15.8,0,52.6,0,31.6,15.8,10.5
52.4, >50%,        805,00990505,Foxborough - Foxborough High,147,78.2,14.4,188,3.4,8.8,50.3,0,45.6,4.1,16.3
47.6,<50%,"      1,657",04460550,Foxborough Regional Charter (District) - Foxborough Regional Charter School,66,81.5,20.3,81,15.2,4.5,34.8,0,50,15.2,37.9
49.9,<50%,"      2,562",01000515,Framingham - Framingham High School,315,58.7,16.9,537,12.4,12.1,39.4,0,47.9,12.7,18.1
42,<50%,        379,04780505,Francis W. Parker Charter Essential (District) - Francis W. Parker Charter Essential School,42,82.4,16.6,51,4.8,21.4,54.8,0,40.5,4.8,9.5
49.7,<50%,"      1,683",01010505,Franklin - Franklin High,371,86.3,15.6,430,2.2,6.5,45.6,0,52,2.4,15.6
60.4, >50%,        566,08180605,Franklin County Regional Vocational Technical - Franklin County Technical,23,20.2,13,114,65.2,8.7,4.3,0,26.1,69.6,0
46.6,<50%,        699,06650505,Freetown-Lakeville - Apponequet Regional High,105,71.4,14.9,147,17.1,12.4,35.2,0,46.7,18.1,21
51.8, >50%,        612,06700505,Frontier - Frontier Regional,74,78.7,11.5,94,25.7,4.1,45.9,0,28.4,25.7,9.5
71.4, >50%,         42,01030515,Gardner - Gardner Academy for Learning and Technology,11,28.2,9.5,39,36.4,36.4,9.1,0,54.5,36.4,18.2
53.8, >50%,        707,01030505,Gardner - Gardner High,66,57.4,15.8,115,25.8,28.8,24.2,0,50,25.8,19.7
51.4, >50%,        179,06720505,Gateway - Gateway Regional High,23,52.3,7,44,13,34.8,30.4,0,56.5,13,8.7
61.9, >50%,         21,01050505,Georgetown - Georgetown High School,68,75.6,2.8,90,11.8,5.9,44.1,0,44.1,11.8,17.6
47.7,<50%,        170,06740505,Gill-Montague - Turners Fall High,19,54.3,8.9,35,52.6,15.8,26.3,0,21.1,52.6,5.3
49,<50%,        510,04960305,Global Learning Charter Public (District) - Global Learning Charter Public School,21,70,16.8,30,57.1,9.5,0,0,38.1,61.9,23.8
54.5, >50%,        844,01070505,Gloucester - Gloucester High,113,57.4,14.3,197,15.9,8,51.3,0,30.1,18.6,7.1
49.3,<50%,        903,01100505,Grafton - Grafton High School,162,70.1,17.9,231,14.8,17.9,35.8,0,47.5,16.7,9.3
57.7, >50%,        310,01110505,Granby - Granby Jr Sr High School,45,70.3,13.4,64,33.3,8.9,44.4,0,22.2,33.3,4.4
45,<50%,"      1,142",39010900,Greater Commonwealth Virtual District - Greater Commonwealth Virtual School,35,32.4,17.1,108,34.3,11.4,28.6,0,37.1,34.3,8.6
56.2, >50%,"      1,403",08210605,Greater Fall River Regional Vocational Technical - Diman Regional Vocational Technical High,141,40.8,15.5,346,43.3,9.9,16.3,0,36.2,47.5,25.5
48.5,<50%,"      1,638",08230605,Greater Lawrence Regional Vocational Technical - Gr Lawrence Regional Vocational Technical,149,39.1,13.1,381,61.1,6.7,12.1,0,24.8,63.1,17.4
50.4, >50%,"      2,275",08280605,Greater Lowell Regional Vocational Technical - Gr Lowell Regional Vocational Technical,208,40.6,18.4,512,46.2,10.6,20.7,0,31.3,48.1,19.2
52.5, >50%,"      2,102",08250605,Greater New Bedford Regional Vocational Technical - Gr New Bedford Vocational Technical,183,38.3,15.2,478,35,10.9,24.6,0,39.3,36.1,23.5
49.2,<50%,        512,01140505,Greenfield - Greenfield High,61,59.8,14.4,102,42.6,8.2,23,0,32.8,44.3,19.7
51.2, >50%,        711,06730505,Groton-Dunstable - Groton Dunstable Regional,151,81.2,16,186,6,6,50.3,0,42.4,7.3,11.9
50.9, >50%,        230,01170505,Hadley - Hopkins Academy,25,71.4,13.3,35,28,8,24,0,48,28,24
46.5,<50%,        490,06750505,Hamilton-Wenham - Hamilton-Wenham Regional High,101,78.9,14.2,128,5.9,5.9,48.5,0,45.5,5.9,7.9
51.2, >50%,        553,04990305,Hampden Charter School of Science East (District) - Hampden Charter School of Science East,37,68.5,17.4,54,13.5,35.1,37.8,0,45.9,16.2,5.4
53, >50%,        362,35160305,Hampden Charter School of Science West (District) - Hampden Charter School of Science West,17,65.4,16.4,26,11.8,5.9,64.7,0,23.5,11.8,11.8
48.5,<50%,"      1,010",06800505,Hampden-Wilbraham - Minnechaug Regional High,202,72.9,16.1,277,22.3,9.4,42.6,0,31.2,26.2,6.4
45.3,<50%,        689,06830505,Hampshire - Hampshire Regional High,99,76.2,11.8,130,34.3,15.2,30.3,0,34.3,35.4,9.1
53, >50%,        709,01220505,Hanover - Hanover High,158,86.8,15,182,3.8,7.6,55.1,0,41.1,3.8,9.5
47.4,<50%,        584,01250505,Harvard - Bromfield,75,83.3,15.2,90,1.3,5.3,54.7,0,44,1.3,30.7
51.5, >50%,        169,01270505,Hatfield - Smith Academy,29,72.5,10.2,40,27.6,3.4,51.7,0,20.7,27.6,6.9
59.5, >50%,         37,01280515,Haverhill - Crowell,,,15.9,9,,,,,,,
76.7, >50%,         30,01280033,Haverhill - Greenleaf Academy,,,5.8,2,,,,,,,
51.9, >50%,"      2,020",01280505,Haverhill - Haverhill High,220,57,17.2,386,40.9,9.1,24.5,0,33.6,41.8,13.6
52.5, >50%,"      1,201",01310505,Hingham - Hingham High,265,84.9,14.2,312,2.3,2.6,54.7,0,42.6,2.6,9.1
50.1, >50%,        617,01330505,Holbrook - Holbrook Middle High School,38,73.1,14.3,52,10.5,28.9,34.2,0,55.3,10.5,21.1
49.2,<50%,        823,01360505,Holliston - Holliston High,172,81.1,16.1,212,3.5,3.5,52.3,0,44.2,3.5,9.9
51.7, >50%,"      1,434",01370505,Holyoke - Holyoke High,107,30.7,15.2,348,45.8,18.7,24.3,0.9,25.2,49.5,2.8
50.7, >50%,        337,06030505,Hoosac Valley Regional - Hoosac Valley High School,38,61.3,13.9,62,13.2,21.1,47.4,0,36.8,15.8,7.9
51.1, >50%,        470,01380505,Hopedale - Hopedale Jr Sr High,61,77.2,13.7,79,6.6,6.6,45.9,0,45.9,8.2,13.1
49.5,<50%,"      1,213",01390505,Hopkinton - Hopkinton High,252,86.6,18.1,291,1.2,3.6,51.2,0,47.6,1.2,13.5
46.3,<50%,        857,01410505,Hudson - Hudson High,106,68.8,14.3,154,15.1,11.3,41.5,0,43.4,15.1,14.2
55.7, >50%,        248,01420505,Hull - Hull High,38,59.4,9.5,64,5.3,2.6,55.3,0,39.5,5.3,28.9
47.3,<50%,        772,04350305,Innovation Academy Charter (District) - Innovation Academy Charter School,69,87.3,18.4,79,8.7,13,39.1,0,52.2,8.7,27.5
47.9,<50%,        528,01440505,Ipswich - Ipswich High,102,79.1,11.7,129,7.8,7.8,46.1,0,46.1,7.8,15.7
49.8,<50%,"      1,617",04290010,KIPP Academy Lynn Charter (District) - KIPP Academy Lynn Charter School,84,73.7,24.5,114,15.5,19,39.3,0,45.2,15.5,20.2
50,<50%,"      1,172",06900505,King Philip - King Philip Regional High,267,84.8,17,315,3.7,10.1,41.2,0,54.3,4.5,13.5
58.5, >50%,        176,01490536,Lawrence - High School Learning Center,17,7.9,14.8,216,94.1,0,0,0,5.9,94.1,0
52.1, >50%,"      2,935",01490515,Lawrence - Lawrence High School,249,42.1,17.3,592,54.6,4.8,22.1,0,20.9,57,13.7
79.8, >50%,         79,01490615,Lawrence - RISE Academy,1,4.5,11.1,22,100,0,0,0,0,100,0
86, >50%,        114,01490537,Lawrence - School for Exceptional Studies,,,4,7,,,,,,,
53, >50%,        332,01500505,Lee - Lee Middle/High School,38,67.9,11,56,34.2,15.8,23.7,0,42.1,34.2,2.6
50.6, >50%,        433,01510505,Leicester - Leicester High,99,76.2,18.2,130,28.3,29.3,27.3,0,43.4,29.3,9.1
49.8,<50%,        424,01520505,Lenox - Lenox Memorial High,57,87.7,11.8,65,28.1,5.3,47.4,0,24.6,28.1,5.3
64.6, >50%,        748,01530605,Leominster - Center For Technical Education Innovation,57,43.8,13.7,130,26.3,45.6,12.3,0,59.6,28.1,12.3
48.9,<50%,         45,01530515,Leominster - Leominster Center for Excellence,,,15.4,7,,,,,,,
50.4, >50%,"      1,718",01530505,Leominster - Leominster High School,180,59,19.2,305,20.6,30,23.3,0,55.6,21.1,16.7
48.7,<50%,"      2,287",01550505,Lexington - Lexington High,479,84.8,18.3,565,1.9,1.3,62.6,0,35.5,1.9,16.3
49.4,<50%,"      1,520",06950505,Lincoln-Sudbury - Lincoln-Sudbury Regional High,322,81.9,18.1,393,3.1,0.9,63.4,0,32.9,3.7,9.3
49.8,<50%,        446,01580505,Littleton - Littleton High School,88,88.9,14.6,99,13.6,2.3,48.9,0,37.5,13.6,14.8
51.4, >50%,        900,01590505,Longmeadow - Longmeadow High,195,84.1,17.5,232,11.8,3.6,55.4,0,30.8,13.8,10.3
52.3, >50%,         44,01600320,Lowell - Leblanc Therapeutic Day School,,,4.6,10,,,,,,,
52.6, >50%,"      3,180",01600505,Lowell - Lowell High,357,53.2,19.6,671,33.1,5.6,19.9,0,45.9,34.2,35
67.4, >50%,         89,01600515,Lowell - The Career Academy,5,13.9,8.2,36,100,0,0,0,0,100,0
41.3,<50%,        109,04580505,Lowell Middlesex Academy Charter (District) - Lowell Middlesex Academy Charter School,4,16.7,17.4,24,100,0,0,0,0,100,0
50.3, >50%,        835,01610505,Ludlow - Ludlow Senior High,132,64.1,14.5,206,38.6,7.6,28,0,33.3,38.6,18.2
,<50%,          4,01620605,Lunenburg - Advanced Community Experience Program,,,4,1,,,,,,,
52.4, >50%,        460,01620505,Lunenburg - Lunenburg High,89,78.1,15.3,114,12.4,23.6,37.1,0,50.6,12.4,10.1
53.5, >50%,"      1,738",01630505,Lynn - Classical High,219,49.1,19.9,446,27.4,25.1,19.6,0,52.1,28.3,22.4
57.5, >50%,        221,01630525,Lynn - Fecteau-Leary Junior/Senior High School,1,4.3,11,23,100,0,0,0,0,100,0
52.3, >50%,"      2,078",01630510,Lynn - Lynn English High,166,32.9,20.3,504,35.5,19.9,28.3,0,34.3,37.3,13.3
52.8, >50%,"      1,517",01630605,Lynn - Lynn Vocational Technical Institute,102,38.9,19.6,262,42.2,31.4,14.7,0,43.1,42.2,10.8
48.8,<50%,        568,01640505,Lynnfield - Lynnfield High,124,89.9,14.6,138,4,4,49.2,0,46.8,4,12.1
48.5,<50%,"      1,225",04690505,MATCH Charter Public School (District) - MATCH Charter Public School,41,61.2,20.9,67,22,4.9,56.1,0,22,22,14.6
54, >50%,         50,04680505,Ma Academy for Math and Science - Ma Academy for Math and Science School,33,80.5,15.8,41,0,0,78.8,0,21.2,0,0
49.6,<50%,"      1,844",01650505,Malden - Malden High,212,50.2,22,422,30.2,10.4,25,0.5,44.3,30.2,32.1
51.5, >50%,        449,06980510,Manchester Essex Regional - Manchester Essex Regional High School,91,74,11.8,123,3.3,0,54.9,0,41.8,3.3,7.7
51.8, >50%,"      1,108",01670505,Mansfield - Mansfield High,213,79.8,14.4,267,4.2,10.3,54,0,41.3,4.2,11.3
54.4, >50%,        237,35170505,Map Academy Charter School (District) - Map Academy Charter School,6,16.7,14.7,36,66.7,0,33.3,0,0,66.7,0
50.7, >50%,        937,01680505,Marblehead - Marblehead High,203,82.9,14.7,245,3.4,2.5,55.2,0,41.4,3.4,8.4
56.4, >50%,"      1,137",01700505,Marlborough - Marlborough High,114,45.4,13.6,251,19.3,17.5,29.8,0,47.4,22.8,21.1
50.6, >50%,"      1,237",01710505,Marshfield - Marshfield High,238,75.1,17.8,317,6.7,13.9,48.3,0,45,6.7,12.2
55.2, >50%,        728,07000505,Martha's Vineyard - Martha's Vineyard Regional High,80,57.6,13,139,8.8,6.3,52.5,0,35,12.5,7.5
38.6,<50%,        176,04660550,Martha's Vineyard Charter (District) - Martha's Vineyard Charter School,,,11.3,14,,,,,,,
47.2,<50%,"      1,035",07050505,Masconomet - Masconomet Regional High School,245,86.6,13.6,283,4.5,3.3,52.2,0,43.3,4.5,12.7
52.5, >50%,        448,01720505,Mashpee - Mashpee High,73,68.9,11.6,106,23.3,13.7,37,0,39.7,23.3,19.2
48.9,<50%,        327,01740505,Maynard - Maynard High,71,78.9,13.2,90,11.3,5.6,45.1,0,42.3,12.7,18.3
49.7,<50%,        751,01750505,Medfield - Medfield Senior High,171,90,16.8,190,1.2,0.6,61.4,0,37.4,1.2,11.1
40.9,<50%,         22,01760510,Medford - Curtis-Tufts,,,6.7,7,,,,,,,
53.4, >50%,"      1,242",01760505,Medford - Medford High,153,53.7,13,285,19,14.4,34,0,47.1,19,26.8
49.1,<50%,        637,01770505,Medway - Medway High,143,82.7,15.3,173,4.2,9.1,47.6,0,48.3,4.2,11.2
49,<50%,        928,01780505,Melrose - Melrose High,193,81.4,16.4,237,3.1,3.1,49.2,0,47.2,3.6,20.7
48.7,<50%,        633,07100510,Mendon-Upton - Nipmuc Regional High,131,78.4,14,167,6.1,6.1,42.7,0,51.1,6.1,22.1
51.4, >50%,"      1,967",01810505,Methuen - Methuen High,276,56.6,17.5,488,27.2,4.3,34.4,0,37,28.6,23.2
50.2, >50%,        887,01820505,Middleborough - Middleborough High,123,60.9,15.7,202,14.6,26,29.3,0,56.1,14.6,12.2
54.6, >50%,"      1,323",01850505,Milford - Milford High,143,51.8,17.8,276,14.7,19.6,32.9,0,51,16.1,18.9
50.8, >50%,        754,01860505,Millbury - Millbury Junior/Senior High,63,67.7,16.4,93,15.9,28.6,28.6,0,55.6,15.9,14.3
49.5,<50%,        329,01870505,Millis - Millis High School,60,83.3,13.1,72,3.3,10,38.3,0,58.3,3.3,21.7
50.6, >50%,"      1,107",01890505,Milton - Milton High,224,82.7,17,271,4.9,5.8,50.4,0,43.8,5.8,20.1
62.1, >50%,        643,08300605,Minuteman Regional Vocational Technical - Minuteman Regional High,56,46.3,12.6,121,16.1,16.1,32.1,0,51.8,16.1,19.6
49.6,<50%,        276,07170505,Mohawk Trail - Mohawk Trail Regional School,27,71.1,9,38,29.6,14.8,18.5,0,51.9,29.6,22.2
48.9,<50%,        683,07120515,Monomoy Regional School District - Monomoy Regional High School,94,75.2,14.4,125,20.2,6.4,39.4,0,40.4,20.2,14.9
47.5,<50%,        333,01910505,Monson - Monson High School,43,64.2,13.4,67,25.6,11.6,39.5,0,30.2,30.2,4.7
50,<50%,"      1,393",08320605,Montachusett Regional Vocational Technical - Montachusett Regional Vocational Technical,140,42.7,17.9,328,33.6,27.1,22.1,0,43.6,34.3,7.9
46,<50%,        528,07150505,Mount Greylock - Mt Greylock Regional High,58,81.7,13.1,71,12.1,5.2,60.3,0,27.6,12.1,8.6
48.2,<50%,"      1,582",04700105,Mystic Valley Regional Charter (District) - Mystic Valley Regional Charter School,49,80.3,23.4,61,8.2,10.2,44.9,0,46.9,8.2,32.7
52.8, >50%,        574,01970505,Nantucket - Nantucket High,76,58.9,15.4,129,2.6,11.8,43.4,0,53.9,2.6,14.5
53.7, >50%,        423,07200505,Narragansett - Narragansett Regional High,40,60.6,15.2,66,30,30,25,0,42.5,32.5,7.5
49.1,<50%,        890,07250505,Nashoba - Nashoba Regional,212,89.1,13.4,238,5.7,4.7,50.9,0,42.9,6.1,11.3
60.7, >50%,        707,08520605,Nashoba Valley Regional Vocational Technical - Nashoba Valley Technical High School,63,37.3,13.4,169,34.9,15.9,14.3,0,50.8,34.9,27
51.7, >50%,"      1,689",01980505,Natick - Natick High,309,83.3,16.1,371,6.1,6.5,47.2,0,45,7.8,14.9
45.2,<50%,        824,06600505,Nauset - Nauset Regional High,152,70.7,12.7,215,14.5,9.2,36.8,0,48,15.1,10.5
48.8,<50%,"      1,671",01990505,Needham - Needham High,380,87.4,16.9,435,1.8,1.3,56.3,0,41.8,1.8,10.8
50,<50%,        802,04440205,Neighborhood House Charter (District) - Neighborhood House Charter School,35,63.6,16.6,55,22.9,45.7,20,0,57.1,22.9,11.4
53.1, >50%,"      3,030",02010505,New Bedford - New Bedford High,143,26.1,18.3,547,42.7,9.1,13.3,0,41.3,45.5,25.9
67.7, >50%,        102,02010510,New Bedford - Trinity Day Academy,,,6.3,10,,,,,,,
66.5, >50%,        152,02010515,New Bedford - Whaling City Junior/Senior High School,3,17.6,7.7,17,33.3,33.3,0,0,66.7,33.3,33.3
51, >50%,        651,35130305,New Heights Charter School of Brockton (District) - New Heights Charter School of Brockton,77,64.2,21.1,120,20.8,22.1,29.9,0,49.4,20.8,26
49.4,<50%,        801,02040505,Newburyport - Newburyport High,147,85.5,16.5,172,10.9,3.4,45.6,0,43.5,10.9,12.9
51.4, >50%,"      2,100",02070505,Newton - Newton North High,410,77.5,14.2,529,2.7,2.4,59.3,0,37.8,2.9,17.1
52.5, >50%,"      1,856",02070510,Newton - Newton South High,367,75.8,13,484,3,1.9,58.9,0,37.9,3.3,13.9
25.4,<50%,        591,09150705,Norfolk County Agricultural - Norfolk County Agricultural,81,57,16.5,142,19.8,11.1,29.6,0,49.4,21,6.2
45.1,<50%,        517,02090505,North Adams - Drury High,23,31.1,14,74,13,39.1,39.1,0,43.5,17.4,0
51.6, >50%,"      1,351",02110505,North Andover - North Andover High,282,79.4,16.3,355,6.7,4.3,45,0,48.2,6.7,20.2
49.9,<50%,"      1,152",02120505,North Attleborough - North Attleboro High,201,76.1,16.6,264,7,9.5,40.3,0,51.2,8.5,18.4
49.7,<50%,        173,02150505,North Brookfield - North Brookfield High,13,56.5,10.6,23,7.7,7.7,53.8,0,38.5,7.7,23.1
50.4, >50%,        802,07350505,North Middlesex - North Middlesex Regional,155,74.9,17.4,207,7.7,19.4,38.1,0,52.9,9,18.7
49,<50%,        635,02170505,North Reading - North Reading High,126,77.8,16.1,162,6.3,4,50.8,0,42.9,6.3,15.9
49,<50%,        917,02100505,Northampton - Northampton High,152,69.7,15.9,218,15.8,6.6,48.7,0,34.9,16.4,13.8
58.2, >50%,        555,04060705,Northampton-Smith Vocational Agricultural - Smith Vocational and Agricultural High,27,24.5,12.3,110,55.6,14.8,25.9,0,18.5,55.6,0
47.6,<50%,"      1,268",07300505,Northboro-Southboro - Algonquin Regional High,263,81.7,14.3,322,5.3,7.6,52.5,0,41.8,5.7,12.2
55.7, >50%,        539,02140505,Northbridge - Northbridge High,86,65.2,15.3,132,15.1,16.3,31.4,0,51.2,17.4,10.5
56.1, >50%,"      1,324",08530605,Northeast Metropolitan Regional Vocational Technical - Northeast Metro Regional Vocational,107,34.3,18.3,312,23.4,19.6,42.1,0,33.6,24.3,10.3
60.9, >50%,        530,08510605,Northern Berkshire Regional Vocational Technical - Charles McCann Vocational Technical,34,32.7,15.9,104,14.7,38.2,38.2,0,47.1,14.7,5.9
50.2, >50%,        664,02180505,Norton - Norton High,120,76.4,14.2,157,4.2,20,40.8,0.8,53.3,5,12.5
49.7,<50%,        630,02190505,Norwell - Norwell High,146,90.1,13.3,162,1.4,0.7,53.4,0,45.2,1.4,11.6
49,<50%,"      1,002",02200505,Norwood - Norwood High,176,68.8,14.3,256,10.8,14.2,43.8,0,45.5,10.8,14.8
64.3, >50%,        552,08550605,Old Colony Regional Vocational Technical - Old Colony Regional Vocational Technical,61,48.4,15.3,126,36.1,13.1,13.1,0,47.5,37.7,24.6
52.2, >50%,        682,07400505,Old Rochester - Old Rochester Regional High,159,83.2,15.6,191,8.8,14.5,31.4,0,59.7,8.8,22.6
47.5,<50%,        520,02260505,Oxford - Oxford High,52,61.9,15.5,84,23.1,32.7,30.8,0,46.2,23.1,7.7
52.4, >50%,        586,02270505,Palmer - Palmer High,40,58,14.1,69,25,20,22.5,0,52.5,25,12.5
60.5, >50%,        610,08600605,Pathfinder Regional Vocational Technical - Pathfinder Vocational Technical,24,18.5,11.7,130,37.5,16.7,29.2,0,20.8,50,4.2
0,<50%,          0,35010505,Paulo Freire Social Justice Charter School (District) - Paulo Freire Social Justice Charter School,15,30.6,0,49,46.7,0,40,0,6.7,53.3,6.7
36.2,<50%,        127,02290705,Peabody - Peabody Personalized Remote Education Program (Peabody P.R.E.P.),,,9.3,8,,,,,,,
52, >50%,"      1,473",02290510,Peabody - Peabody Veterans Memorial High,193,60.9,15.5,317,18.7,20.7,30.6,0,49.7,19.7,15
51.2, >50%,        786,02310505,Pembroke - Pembroke High School,160,82.1,16.3,195,5.6,13.1,46.3,0,48.1,5.6,8.1
51.1, >50%,        632,07450505,Pentucket - Pentucket Regional Sr High,142,81.6,13.3,174,10.6,6.3,42.3,0,46.5,11.3,14.1
55.2, >50%,        143,35180505,Phoenix Academy Public Charter High School Lawrence (District) - Phoenix Academy Public Charter High School Lawrence,3,15,23.8,20,33.3,0,33.3,0,33.3,33.3,33.3
53.3, >50%,        150,35080505,Phoenix Academy Public Charter High School Springfield (District) - Phoenix Academy Public Charter High School Springfield,6,28.6,14.1,21,50,0,50,0,0,50,0
52.8, >50%,        178,04930505,Phoenix Charter Academy (District) - Phoenix Charter Academy,,,21.7,6,,,,,,,
47.9,<50%,        798,04940205,Pioneer Charter School of Science (District) - Pioneer Charter School of Science,42,79.2,18.2,53,19,4.8,38.1,0,42.9,19,33.3
45,<50%,        382,35060505,Pioneer Charter School of Science II (PCSS-II) (District) - Pioneer Charter School of Science II (PCSS-II),52,86.7,18.9,60,23.1,9.6,30.8,0,46.2,23.1,32.7
50,<50%,        260,07500505,Pioneer Valley - Pioneer Valley Regional,16,66.7,11.9,24,31.3,6.3,31.3,0,37.5,31.3,12.5
50.1, >50%,        553,04970205,Pioneer Valley Chinese Immersion Charter (District) - Pioneer Valley Chinese Immersion Charter School,30,76.9,16.5,39,3.3,3.3,56.7,0,40,3.3,13.3
34.8,<50%,        405,04790505,Pioneer Valley Performing Arts Charter Public (District) - Pioneer Valley Performing Arts Charter Public School,40,66.7,13.5,60,30,5,45,0,25,30,12.5
83.3, >50%,         24,02360525,Pittsfield - Eagle Education Academy,,,4.4,3,,,,,,,
49.9,<50%,        667,02360505,Pittsfield - Pittsfield High,105,64.4,12.3,163,22.9,11.4,38.1,0,38.1,23.8,20
0,<50%,          0,02360705,Pittsfield - Pittsfield Public Virtual Academy,4,21.1,0,19,100,0,0,0,0,100,0
49.7,<50%,        825,02360510,Pittsfield - Taconic High,107,59.4,13.6,180,50.5,8.4,23.4,2.8,20.6,53.3,7.5
52.3, >50%,"      1,297",02390505,Plymouth - Plymouth North High,190,64.2,15.9,296,7.9,16.3,38.9,0,53.2,7.9,17.4
53.7, >50%,"      1,042",02390515,Plymouth - Plymouth South High,166,64.3,13.8,258,4.8,21.1,38.6,0.6,54.8,6,10.8
49.1,<50%,"      1,100",04870550,Prospect Hill Academy Charter (District) - Prospect Hill Academy Charter School,51,89.5,18.1,57,13.7,7.8,45.1,0,41.2,13.7,29.4
44.3,<50%,        616,07530505,Quabbin - Quabbin Regional High School,87,60,18.6,145,14.9,16.1,34.5,0,49.4,16.1,16.1
48.8,<50%,        338,07780505,Quaboag Regional - Quaboag Regional High,44,58.7,14.4,75,18.2,20.5,45.5,0,36.4,18.2,6.8
53, >50%,"      1,446",02430510,Quincy - North Quincy High,267,79.5,16.9,336,8.2,8.6,37.1,0,54.7,8.2,37.8
49.9,<50%,"      1,496",02430505,Quincy - Quincy High,244,63.9,14.6,382,20.5,7.8,33.2,0,46.3,20.5,27.5
51, >50%,        557,07550505,Ralph C Mahar - Ralph C Mahar Regional,47,61,13.5,77,40.4,12.8,19.1,0,40.4,40.4,14.9
58.3, >50%,        623,02440505,Randolph - Randolph High,85,59.9,16.9,142,29.4,8.2,23.5,0,45.9,30.6,27.1
51.7, >50%,"      1,141",02460505,Reading - Reading Memorial High,245,83.3,15.8,294,4.9,6.5,49.4,0,45.3,5.3,15.9
50.9, >50%,"      2,123",02480505,Revere - Revere High,213,52.2,18.8,408,33.8,8.9,38,0,28.2,33.8,17.4
62.9, >50%,         89,02480520,Revere - Seacoast School,4,9.5,7.8,42,100,0,0,0,0,100,0
49.8,<50%,        651,04830305,Rising Tide Charter Public (District) - Rising Tide Charter Public School,65,85.5,18.4,76,10.8,20,43.1,0,44.6,12.3,18.5
51.3, >50%,        647,02510505,Rockland - Rockland Senior High,80,59.3,14.8,135,18.8,17.5,38.8,0,40,20,10
55.1, >50%,        234,02520510,Rockport - Rockport High,46,79.3,11.2,58,6.5,13,37,0,54.3,8.7,10.9
0,<50%,          0,04840505,Roxbury Preparatory Charter (District) - Roxbury Preparatory Charter School,90,76.3,0,118,12.2,16.7,42.2,0,45.6,12.2,25.6
34.9,<50%,         66,02580510,Salem - New Liberty Innovation School,1,6.7,15.8,15,0,0,100,0,0,0,0
54.7, >50%,        839,02580505,Salem - Salem High,80,43.7,12.9,183,25,36.3,15,0,57.5,27.5,15
65.2, >50%,         23,02580515,Salem - Salem Prep High School,,,4,7,,,,,,,
49,<50%,        494,04850485,Salem Academy Charter (District) - Salem Academy Charter School,56,87.5,18.3,64,5.4,23.2,42.9,0,51.8,5.4,23.2
49.9,<50%,        615,02610505,Sandwich - Sandwich High,123,74.5,14.2,165,16.3,13,40.7,0,43.1,16.3,13
50.9, >50%,        719,02620505,Saugus - Saugus High,107,62.2,14.7,172,9.3,15,43,0,47.7,9.3,22.4
48.3,<50%,        860,02640505,Scituate - Scituate High School,205,81,15.8,253,1,7.3,49.8,0,48.3,2,9.8
53.5, >50%,        593,02650505,Seekonk - Seekonk High,125,78.6,16.5,159,16.8,11.2,38.4,0,42.4,19.2,12
51.7, >50%,"      1,132",02660505,Sharon - Sharon High,244,82.7,15.3,295,2.9,2.5,50.4,0,46.7,2.9,20.5
61, >50%,"      1,304",08710605,Shawsheen Valley Regional Vocational Technical - Shawsheen Valley Vocational Technical High School,153,48.3,14.1,317,27.5,11.1,33.3,0,37.9,28.8,19
46.6,<50%,"      1,837",02710505,Shrewsbury - Shrewsbury High School,386,84.8,17.4,455,8,10.6,41.7,0,50,8.3,18.9
54.6, >50%,"      1,228",07600505,Silver Lake - Silver Lake Regional High,185,71.4,17.2,259,5.9,13,45.4,0,48.6,5.9,13.5
51.8, >50%,        359,04740505,Sizer School: A North Central Charter Essential (District) - Sizer School: A North Central Charter Essential School,24,61.5,13,39,16.7,29.2,29.2,0,45.8,25,8.3
49.9,<50%,"      1,010",07630505,Somerset Berkley Regional School District - Somerset Berkley Regional High School,176,76.5,16.8,230,18.2,14.2,33,0,47.7,18.8,21
64.7, >50%,         68,02740510,Somerville - Full Circle High School,,,8.6,11,,,,,,,
51, >50%,"      1,360",02740505,Somerville - Somerville High,148,50.5,13.9,293,16.9,7.4,33.8,0,48.6,17.6,29.7
47.7,<50%,        553,02780505,South Hadley - South Hadley High,101,71.6,13.5,141,42.6,5.9,36.6,0,20.8,42.6,12.9
57.1, >50%,        828,08290605,South Middlesex Regional Vocational Technical - Joseph P Keefe Technical High School,63,34.8,12.1,181,28.6,20.6,39.7,0,31.7,28.6,7.9
50,<50%,"      1,037",04880550,South Shore Charter Public (District) - South Shore Charter Public School,45,70.3,17.2,64,20,20,17.8,2.2,60,20,35.6
66.9, >50%,        646,08730605,South Shore Regional Vocational Technical - So Shore Vocational Technical High,38,25.3,15.5,150,28.9,21.1,28.9,0,39.5,31.6,10.5
67.6, >50%,         37,02770525,Southbridge - Southbridge Academy,,,4.8,7,,,,,,,
53.4, >50%,        444,02770515,Southbridge - Southbridge High School,29,27.6,17.3,105,41.4,24.1,17.2,0,37.9,44.8,3.4
47.3,<50%,"      1,534",08720605,Southeastern Regional Vocational Technical - Southeastern Regional Vocational Technical,169,48.8,18.3,346,27.8,17.8,31.4,0,38.5,29,17.8
50.8, >50%,        305,07650505,Southern Berkshire - Mt Everett Regional,24,52.2,9.5,46,29.2,20.8,37.5,0,33.3,29.2,12.5
57.4, >50%,"      1,174",08760605,Southern Worcester County Regional Vocational School District - Bay Path Regional Vocational Technical High School,109,39.6,13.6,275,28.4,18.3,33,0,36.7,30.3,12.8
47.3,<50%,        653,07660505,Southwick-Tolland-Granville Regional School District - Southwick Regional School,69,61.6,14.4,112,20.3,18.8,39.1,0,40.6,20.3,13
52.7, >50%,        330,07670505,Spencer-E Brookfield - David Prouty High,26,52,17.1,50,34.6,11.5,38.5,0,26.9,34.6,7.7
28,<50%,        307,02810475,Springfield - Conservatory of the Arts,19,50,11.5,38,31.6,5.3,52.6,0,15.8,31.6,5.3
30.2,<50%,         43,02810575,Springfield - Gateway to College at Holyoke Community College,8,36.4,43,22,87.5,12.5,0,0,12.5,87.5,0
24,<50%,         25,02810580,Springfield - Gateway to College at Springfield Technical Community College,6,33.3,25,18,100,0,0,0,0,100,0
52.2, >50%,"      1,270",02810510,Springfield - High School Of Commerce,88,32.6,14.7,270,52.3,6.8,28.4,0,18.2,53.4,9.1
54.8, >50%,        777,02810320,Springfield - John J Duggan Middle,20,33.3,15.1,60,45,10,45,0,10,45,0
44.7,<50%,"      1,362",02810620,Springfield - Roger L. Putnam Vocational Technical Academy,116,35.7,12.9,325,44,6,40.5,0,12.9,46.6,2.6
53.5, >50%,"      2,090",02810500,Springfield - Springfield Central High,154,32.8,16.5,470,45.5,5.8,33.1,0,20.1,46.8,7.8
57.8, >50%,        249,02810570,Springfield - Springfield High School,0,0,15.6,16,0,0,0,0,0,0,0
56.7, >50%,"      1,099",02810530,Springfield - Springfield High School of Science and Technology,58,21.5,12.8,270,69,8.6,17.2,0,12.1,70.7,1.7
75.5, >50%,        102,02810700,Springfield - Springfield International Academy at Sci-Tech,,,14.5,13,,,,,,,
78.5, >50%,         65,02810550,Springfield - Springfield Public Day High School,,,5.5,11,,,,,,,
,<50%,         83,02810675,Springfield - Springfield Transition Academy,,,7.5,1,,,,,,,
49.2,<50%,        608,02810205,Springfield - The Springfield Renaissance School an Expeditionary Learning School,52,70.3,13.4,74,34.6,5.8,38.5,0,26.9,34.6,17.3
48.6,<50%,        580,02810705,Springfield - The Springfield Virtual School,6,24,17.2,25,66.7,0,16.7,0,16.7,66.7,0
49.2,<50%,"      1,585",04410505,Springfield International Charter (District) - Springfield International Charter School,64,71.9,27,89,26.6,6.3,50,0,23.4,26.6,9.4
49.7,<50%,        579,02840505,Stoneham - Stoneham High,104,80,11.8,130,6.7,8.7,50,0,43.3,6.7,22.1
52.5, >50%,"      1,077",02850505,Stoughton - Stoughton High,137,62,16.9,221,14.6,12.4,32.8,0.7,51.1,14.6,28.5
41.9,<50%,        844,04890505,Sturgis Charter Public (District) - Sturgis Charter Public School,168,81.2,14.1,207,9.5,8.3,44.6,0,45.2,10.1,18.5
50.4, >50%,        367,02900510,Sutton - Sutton High School,72,80.9,15.7,89,4.2,11.1,44.4,1.4,50,4.2,13.9
50.2, >50%,        667,02910505,Swampscott - Swampscott High,146,76.4,13.5,191,8.9,6.2,43.2,0.7,46.6,9.6,12.3
52.7, >50%,        543,02920505,Swansea - Joseph Case High,72,58.5,14.7,123,16.7,22.2,36.1,0,47.2,16.7,15.3
44.5,<50%,"      2,962",39020900,TEC Connections Academy Commonwealth Virtual School District - TEC Connections Academy Commonwealth Virtual School,120,38,41.2,316,25.8,8.3,32.5,0.8,37.5,28.3,14.2
52.6, >50%,"      1,194",07700505,Tantasqua - Tantasqua Regional Sr High,117,74.1,12.6,158,11.1,16.2,37.6,0,50.4,12,11.1
62.8, >50%,        510,07700605,Tantasqua - Tantasqua Regional Vocational,40,34.5,11.5,116,50,0,42.5,0,7.5,50,2.5
62.9, >50%,        105,02930525,Taunton - Taunton Alternative High School,4,7.1,7.1,56,50,0,0,0,50,50,25
50.8, >50%,"      2,794",02930505,Taunton - Taunton High,266,57.3,20.6,464,24.1,22.9,31.2,0,43.2,25.2,14.3
48.4,<50%,        804,02950505,Tewksbury - Tewksbury Memorial High,160,72.7,18.2,220,17.5,7.5,38.1,0,43.8,18.1,18.8
59.7, >50%,        938,08780605,Tri-County Regional Vocational Technical - Tri-County Regional Vocational Technical,93,41,15.6,227,16.1,26.9,26.9,0,47.3,24.7,7.5
51.6, >50%,        639,07730505,Triton - Triton Regional High School,97,73.5,13.4,132,8.2,7.2,52.6,0,37.1,10.3,16.5
48.4,<50%,        426,03010505,Tyngsborough - Tyngsborough High School,91,72.8,15.4,125,6.6,12.1,37.4,0,54.9,7.7,28.6
59.3, >50%,        715,08790605,Upper Cape Cod Regional Vocational Technical - Upper Cape Cod Vocational Technical,62,36.3,14.4,171,27.4,17.7,32.3,0,38.7,29,9.7
0,<50%,          0,03040515,Uxbridge - Gateway to College,13,68.4,0,19,69.2,7.7,0,0,23.1,76.9,15.4
57.1, >50%,        567,03040505,Uxbridge - Uxbridge High,51,52,13.1,98,19.6,15.7,41.2,0,35.3,23.5,7.8
47.1,<50%,"      1,970",07750505,Wachusett - Wachusett Regional High,390,84.4,16.8,462,11,16.7,41,0,47.2,11.8,15.4
48.7,<50%,        844,03050505,Wakefield - Wakefield Memorial High,182,77.4,13.5,235,1.6,8.2,51.1,0,46.2,2.7,20.3
50.3, >50%,"      1,029",03070505,Walpole - Walpole High,216,80.3,16.7,269,3.7,11.6,48.1,0,48.1,3.7,13.4
53.2, >50%,"      1,704",03080505,Waltham - Waltham Sr High,180,50,15.2,360,15,10.6,41.7,0,43.3,15,24.4
51, >50%,        508,03090505,Ware - Ware Junior/Senior High School,25,48.1,17.7,52,8,28,40,0,48,12,8
57.9, >50%,         57,03100315,Wareham - Wareham Cooperative Alternative School,0,0,5.6,16,0,0,0,0,0,0,0
47.4,<50%,        623,03100505,Wareham - Wareham Senior High,52,57.1,12.4,91,7.7,25,38.5,1.9,50,9.6,23.1
54.4, >50%,        719,03140505,Watertown - Watertown High,99,66.4,14.2,149,16.2,8.1,45.5,0,37.4,17.2,17.2
48.7,<50%,        828,03150505,Wayland - Wayland High School,163,83.6,15.4,195,3.1,1.8,64.4,0,32.5,3.1,14.7
49.2,<50%,        394,03160505,Webster - Bartlett High School,52,57.1,14.3,91,25,17.3,48.1,0,23.1,28.8,3.8
48.8,<50%,"      1,407",03170505,Wellesley - Wellesley Sr High,272,82.7,15.7,329,2.6,0,65.8,0,31.6,2.6,5.5
47.7,<50%,        474,03220505,West Boylston - West Boylston Junior/Senior High,61,74.4,13.4,82,16.4,11.5,32.8,0,50.8,16.4,24.6
49.5,<50%,        634,03230505,West Bridgewater - West Bridgewater Junior/Senior,75,73.5,16.9,102,10.7,16,45.3,0,42.7,12,16
53.6, >50%,"      1,200",03320505,West Springfield - West Springfield High,159,60.9,16.2,261,30.8,16.4,29.6,0,36.5,34,11.3
48.6,<50%,"      1,192",03210505,Westborough - Westborough High,232,82.3,14.9,282,6,6,44.4,0,49.1,6.5,17.2
47.7,<50%,"      1,097",03250505,Westfield - Westfield High,175,61.8,15.3,283,19.4,23.4,35.4,0,44,20.6,12
66.1, >50%,        531,03250605,Westfield - Westfield Technical Academy,32,28.3,13.4,113,40.6,28.1,18.8,0,37.5,43.8,3.1
51.5, >50%,"      1,563",03260505,Westford - Westford Academy,336,87.3,17.6,385,4.2,3.6,42.3,0,53.3,4.5,20.8
52.7, >50%,        641,03300505,Weston - Weston High,129,82.2,13.4,157,3.1,0,70.5,0,25.6,3.9,5.4
52.5, >50%,        833,03310515,Westport - Westport Middle-High School,51,76.1,16.6,67,23.5,5.9,33.3,0,43.1,23.5,33.3
49.9,<50%,        956,03350505,Westwood - Westwood High,221,89.1,14.9,248,1.8,4.5,55.2,0,43,1.8,11.8
51, >50%,"      2,323",03360505,Weymouth - Weymouth High School,264,57.9,15.8,456,16.7,11.4,36.7,0,45.1,17.8,17.4
0,<50%,          0,07800505,Whitman-Hanson - Whitman Hanson Regional,198,75,0,264,15.7,20.2,36.4,0,46,17.2,10.6
53.3, >50%,"      1,263",08850605,Whittier Regional Vocational Technical - Whittier Regional Vocational,149,52.1,12.7,286,45,10.1,25.5,0,28.2,46.3,11.4
47.1,<50%,        707,03420505,Wilmington - Wilmington High,156,78,13.9,200,10.3,5.8,48.1,0,41.7,10.3,16.7
54.6, >50%,         22,03430405,Winchendon - Murdock Academy for Success,,,15.5,7,,,,,,,
53.8, >50%,        264,03430515,Winchendon - Murdock High School,28,50,13,56,39.3,17.9,21.4,0,35.7,42.9,14.3
48.4,<50%,"      1,348",03440505,Winchester - Winchester High School,275,85.1,16.3,323,4,2.5,63.6,0,32.4,4,12
50.1, >50%,        575,03460505,Winthrop - Winthrop High School,93,65.5,18.1,142,9.7,5.4,58.1,0,31.2,10.8,11.8
48,<50%,"      1,271",03470505,Woburn - Woburn High,213,66.4,14.6,321,14.6,7,37.6,0,46.9,15.5,24.4
52.9, >50%,"      1,134",03480503,Worcester - Burncoat Senior High,95,40.8,13.5,233,47.4,20,16.8,0,34.7,48.4,12.6
49,<50%,        520,03480350,Worcester - Claremont Academy,33,42.3,17,78,21.2,45.5,21.2,0,57.6,21.2,12.1
56, >50%,"      1,280",03480512,Worcester - Doherty Memorial High,189,54.6,11.3,346,18.5,16.4,41.3,0,39.7,19,16.4
50.8, >50%,"      1,260",03480515,Worcester - North High,94,32.6,16.1,288,45.7,17,25.5,0,27.7,46.8,8.5
53.6, >50%,"      1,474",03480520,Worcester - South High Community,133,39.8,15.7,334,32.3,23.3,27.8,0,39.1,33.1,11.3
54.1, >50%,        233,03480285,Worcester - University Pk Campus School,19,57.6,17.9,33,21.1,21.1,36.8,0,42.1,21.1,15.8
41.2,<50%,"      1,458",03480605,Worcester - Worcester Technical High,196,55.7,15.4,352,27.6,29.6,24,0,48,28.1,13.3
