# Dropout All Grades,Average Class Size,Display,English Language Learner %,Female %,Male %,Number of Students,School Code,School Name,School Name/District,Students with Disabilities %,Total # of Classes,% Dropout,Economically Disadvantaged %
4,18.3,District ,16,53.6,46.4,"1,421",4450105, Abby Kelley Foster Charter Public School,Abby Kelley Foster Charter Public (District) - Abby Kelley Foster Charter Public School,12.6,742,1.1,70.1
13,16.7,District ,6.8,47.7,52,587,10505, Abington High,Abington - Abington High,11.4,274,2.2,35.3
1,17.3,District ,7.4,49.3,50.7,497,4120530, Academy Of the Pacific Rim Charter Public School,Academy Of the Pacific Rim Charter Public (District) - Academy Of the Pacific Rim Charter Public School,28,202,0.4,61.6
2,17,District ,1.5,47.9,51.6,"1,713",6000505,Boxborough Regional High,Acton-Boxborough - Acton-Boxborough Regional High,10.6,742,0.1,8.8
1,18.5,District ,2.6,45.9,53.6,965,4300305, Advanced Math and Science Academy Charter School,Advanced Math and Science Academy Charter (District) - Advanced Math and Science Academy Charter School,6.8,495,0.2,14.3
19,14.2,District ,2.3,47.7,52.3,"1,054",50505, Agawam High,Agawam - Agawam High,15.8,578,1.9,37.4
10,12.7,District ,1.7,49.8,50.2,466,70505, Amesbury High,Amesbury - Amesbury High,18,395,2.2,28.5
5,9,District ,0,50,50,52,70515, Amesbury Innovation High School,Amesbury - Amesbury Innovation High School,46.2,61,10.6,65.4
10,13.6,District ,9,46.5,52.7,868,6050505, Amherst Regional High,Amherst-Pelham - Amherst Regional High,22.7,624,1.2,33.1
3,14.8,District ,0.5,50.5,49.1,"1,677",90505, Andover High,Andover - Andover High,16.1,995,0.2,13.3
11,19.2,District ,20.8,46.4,53.6,582,35090305, Argosy Collegiate Charter School,Argosy Collegiate Charter School (District) - Argosy Collegiate Charter School,26.3,298,4.2,77.7
6,14.7,District ,1.5,51.8,46.9,"1,504",100505, Arlington High,Arlington - Arlington High,11.4,912,0.4,12.1
4,15.1,District ,0.5,46,53,630,6100505, Oakmont Regional High School,Ashburnham-Westminster - Oakmont Regional High School,15.4,342,0.7,24.4
7,17.2,District ,4,50.2,49.8,842,140505, Ashland High,Ashland - Ashland High,13.8,386,0.9,23.9
15,17.6,District ,5.2,42,56.9,"1,121",8010605, Assabet Valley Vocational High School,Assabet Valley Regional Vocational Technical - Assabet Valley Vocational High School,26,602,1.3,42.8
10,14.2,District ,2.2,44.8,55.2,366,6150505, Athol High,Athol-Royalston - Athol High,24.9,174,2.7,60.9
1,21.2,District ,17.1,53.3,46.6,"1,288",4910550, Atlantis Charter School,Atlantis Charter (District) - Atlantis Charter School,14.7,493,0.3,64.6
6,16.2,District ,5,44.6,53.5,101,160515, Attleboro Community Academy,Attleboro - Attleboro Community Academy,21.8,46,12,60.4
16,19.3,District ,3.4,45.3,54.3,"1,800",160505, Attleboro High,Attleboro - Attleboro High,15.9,763,0.9,37.7
4,7,District ,1.7,52.5,47.5,59,160705, Attleboro Virtual Academy,Attleboro - Attleboro Virtual Academy,15.3,51,8,47.5
10,16.3,District ,1.7,49.4,50.2,848,170505, Auburn Senior High,Auburn - Auburn Senior High,11.1,622,1.4,29.5
6,12.3,District ,4.4,46.5,53.5,316,180510, Avon Middle High School,Avon - Avon Middle High School,21.8,250,2.9,49.4
7,15.1,District ,2.7,47.6,51.9,372,6160505, Ayer Shirley Regional High School,Ayer Shirley School District - Ayer Shirley Regional High School,17.5,241,1.9,30.9
41,13.8,District ,13.4,49.6,50.3,"1,671",200505, Barnstable High,Barnstable - Barnstable High,15.9,816,3,50.5
7,14.7,District ,6.7,44.9,55.1,432,35020405, Baystate Academy Charter Public School,Baystate Academy Charter Public School (District) - Baystate Academy Charter Public School,20.4,260,2.9,84.3
1,12.9,District ,0.7,47.6,52.2,843,230505, Bedford High,Bedford - Bedford High,13.9,539,0.1,12.7
10,14.1,District ,0.5,50.4,48.6,661,240505, Belchertown High,Belchertown - Belchertown High,15.6,420,1.5,21.5
10,17.9,District ,2.7,51.4,48.6,753,250505, Bellingham High School,Bellingham - Bellingham High School,18.2,353,1.8,29.6
2,5.3,District ,0,56.7,43.3,30,250510, Keough Memorial Academy,Bellingham - Keough Memorial Academy,100,38,14.3,56.7
0,20.7,District ,2.4,50.7,49.3,"1,347",260505, Belmont High,Belmont - Belmont High,9.9,470,0,12.8
5,18.2,District ,0.8,42.9,54.2,373,4140305, Berkshire Arts and Technology Charter Public School,Berkshire Arts and Technology Charter Public (District) - Berkshire Arts and Technology Charter Public School,20.9,186,2.9,56.3
12,10.9,District ,6.5,49.6,50.2,508,6180505, Monument Mt Regional High,Berkshire Hills - Monument Mt Regional High,12.8,378,2.3,37
1,15.5,District ,2.8,50.3,48.8,533,6200505, Tahanto Regional High,Berlin-Boylston - Tahanto Regional High,14.1,318,0.4,18.2
12,20.3,District ,3.5,47.6,52.1,"1,300",300505, Beverly High,Beverly - Beverly High,17.1,554,0.9,33.9
12,19.2,District ,2,48.8,51.1,"1,771",310505, Billerica Memorial High School,Billerica - Billerica Memorial High School,19.8,706,1.1,27
0,17.2,District ,0.5,49.3,50.5,"1,223",8050605, Blackstone Valley,Blackstone Valley Regional Vocational Technical - Blackstone Valley,10.6,800,0,15.5
7,12.7,District ,1.2,49.4,49.9,417,6220505, Blackstone Millville RHS,Blackstone-Millville - Blackstone Millville RHS,14.2,259,1.7,32.4
0,15.5,District ,1.5,47.5,52.5,907,8060605, Blue Hills Regional Vocational Technical,Blue Hills Regional Vocational Technical - Blue Hills Regional Vocational Technical,25,433,0,39.4
8,15.2,District ,14.2,41.2,58.5,260,350541, Another Course To College,Boston - Another Course To College,38.1,140,3.5,76.2
43,10.4,District ,67.4,46.3,53.7,175,350548, Boston Adult Tech Academy,Boston - Boston Adult Tech Academy,20.6,81,36.4,82.9
7,14.9,District ,4.8,68.2,31,481,350546, Boston Arts Academy,Boston - Boston Arts Academy,20.6,317,1.4,65.5
46,6.8,District ,26.7,51.7,47.7,176,350755, Boston Collaborative High School,Boston - Boston Collaborative High School,25,85,47.9,82.4
9,15.2,District ,33.1,50,49.6,700,350558, Boston Community Leadership Academy,Boston - Boston Community Leadership Academy,24.1,341,1.9,83.7
33,14.4,District ,91.1,38.5,61.6,528,350507, Boston International High School & Newcomers Academy,Boston - Boston International High School & Newcomers Academy,5.9,244,7.8,86
6,23.2,District ,0.2,57.3,42.5,"1,675",350545, Boston Latin Academy,Boston - Boston Latin Academy,4.2,583,0.5,45.1
4,23.2,District ,0.2,53.1,46.5,"2,377",350560, Boston Latin School,Boston - Boston Latin School,3.3,812,0.2,25.3
18,12.6,District ,51.8,45.1,54.9,514,350505, Brighton High School,Boston - Brighton High School,24.5,275,5.2,81.1
19,12.1,District ,25.2,40.8,59.2,365,350525, Burke High School,Boston - Burke High School,29.3,185,5.9,82.7
0,27,District ,33.3,48.2,51.9,27,350036, Carter School,Boston - Carter School,100,2,0,88.9
52,13.8,District ,36.1,44.5,55.5,892,350515, Charlestown High School,Boston - Charlestown High School,30.9,525,7.9,82.7
11,9.9,District ,14.7,39.7,60.3,68,350518, Community Academy,Boston - Community Academy,44.1,44,32.4,91.2
19,12.9,District ,20.5,48,52.1,342,350581, Community Academy of Science and Health,Boston - Community Academy of Science and Health,40.1,198,6.1,81.9
12,19.2,District ,31.2,50.4,49.3,609,350074,12 STEM Academy,Boston - Dearborn 6-12 STEM Academy,19.4,235,3.5,83.1
14,16.3,District ,42.9,42,57.9,"1,217",350530, East Boston High School,Boston - East Boston High School,22.6,461,1.4,79.7
12,15.3,District ,35.3,47.8,52.2,600,350535, English High School,Boston - English High School,24.7,431,2.4,83.7
27,13.4,District ,22,42.5,57.1,445,350522, Excel High School,Boston - Excel High School,27.6,238,6.2,84.3
1,17,District ,21.1,51.8,48.2,380,350540, Fenway High School,Boston - Fenway High School,22.9,197,0.3,81.3
13,10.7,District ,15.3,54,46,124,350543, Greater Egleston High School,Boston - Greater Egleston High School,24.2,97,15.9,92.7
7,19.7,District ,13.3,46.4,53.4,753,350426,12 Inclusion School Upper,Boston - Henderson K-12 Inclusion School Upper,38.8,337,2.7,73.6
0,5,District ,69.2,30.8,69.2,78,350750, Horace Mann School for the Deaf Hard of Hearing,Boston - Horace Mann School for the Deaf Hard of Hearing,97.4,156,0,80.8
3,13.8,District ,8.4,34.4,65.7,131,350655, Lyon High School,Boston - Lyon High School,43.5,63,2.3,71.8
28,16.4,District ,32.1,39.5,60.4,"1,098",350537, Madison Park Technical Vocational High School,Boston - Madison Park Technical Vocational High School,38.5,471,2.5,84.6
11,18.3,District ,46,52.1,47.9,313,350549, Margarita Muniz Academy,Boston - Margarita Muniz Academy,13.4,118,3.4,86.6
13,6.2,District ,22.2,21.8,77.8,239,350363, McKinley Schools,Boston - McKinley Schools,98.7,390,10.8,90.4
1,16.3,District ,14.7,52,47.8,538,350542, New Mission High School,Boston - New Mission High School,17.7,384,0.2,71.9
1,21.3,District ,0.9,53.2,46.5,"1,528",350575, O'Bryant School of Math & Science,Boston - O'Bryant School of Math & Science,5.6,544,0.1,60.7
0,19.8,District ,14.9,47.3,52.7,564,350565, Quincy Upper School,Boston - Quincy Upper School,19.2,239,0,73.6
14,17.4,District ,17.1,52,48,479,350690, Snowden International High School,Boston - Snowden International High School,22.8,225,2.9,84.3
15,12.7,District ,22.3,42.7,57.2,916,350657, TechBoston Academy,Boston - TechBoston Academy,24.6,438,2.6,83.6
3,19.8,District ,4.3,49.8,50.2,715,4490305, Boston Collegiate Charter School,Boston Collegiate Charter (District) - Boston Collegiate Charter School,19.6,297,0.9,45.9
130,12.7,District ,10.8,53,46.8,417,4240505, Boston Day and Evening Academy Charter School,Boston Day and Evening Academy Charter (District) - Boston Day and Evening Academy Charter School,38.4,491,37.4,78.2
8,14.6,District ,14.7,46.4,53.6,457,4110305, Boston Green Academy Horace Mann Charter School,Boston Green Academy Horace Mann Charter School (District) - Boston Green Academy Horace Mann Charter School,33.7,260,2.5,79.2
2,18.2,District ,18.9,49.9,50.1,673,4160305, Boston Preparatory Charter Public School,Boston Preparatory Charter Public (District) - Boston Preparatory Charter Public School,21.1,228,0.5,70.1
6,14,District ,1.1,51.4,48.3,381,360505, Bourne High School,Bourne - Bourne High School,16,201,1.6,33.3
15,16.5,District ,4.7,49.9,50,"1,761",400505, Braintree High,Braintree - Braintree High,24.1,847,0.9,28.4
5,16,District ,1.2,47.9,52.1,"1,381",6250505,Raynham Regional,Bridgewater-Raynham - Bridgewater-Raynham Regional,13.9,540,0.4,26.5
3,3.9,District ,0,38.5,61.5,13,6250415, Therapeutic Day School,Bridgewater-Raynham - Therapeutic Day School,100,13,27.3,76.9
4,18.7,District ,0,72,28,503,9100705, Bristol County Agricultural High,Bristol County Agricultural - Bristol County Agricultural High,14.5,265,0.8,32.8
15,17.3,District ,0.8,40.5,59.4,"1,326",8100605,Plymouth Regional Vocational Technical,Bristol-Plymouth Regional Vocational Technical - Bristol-Plymouth Vocational Technical,16.7,972,1.1,35.8
18,10,District ,17.3,40.7,59.4,214,440515, Brockton Champion High School,Brockton - Brockton Champion High School,37.4,131,21.4,82.7
100,16.1,District ,26.9,46.2,53.7,"3,829",440505, Brockton High,Brockton - Brockton High,13.9,"1,895",2.6,71.1
1,13.2,District ,14.3,49.1,50.9,336,440705, Brockton Virtual Learning Academy,Brockton - Brockton Virtual Learning Academy,23.2,190,0.7,79.8
101,13.6,District ,53.7,37.2,62.8,374,440520, Edison Academy,Brockton - Edison Academy,11.2,111,49.8,76.2
2,8.9,District ,23.7,39.8,60.2,118,440080, Frederick Douglass Academy,Brockton - Frederick Douglass Academy,28,44,18.2,86.4
2,6.8,District ,15,31.3,67.5,80,440400, Huntington Therapeutic Day School,Brockton - Huntington Therapeutic Day School,92.5,196,6.1,90
6,19.1,District ,8.9,51.7,48.3,"2,148",4280305, Brooke Charter School,Brooke Charter School (District) - Brooke Charter School,13.5,816,1.3,65.8
7,14.1,District ,2.5,48.6,50.8,"2,089",460505, Brookline High,Brookline - Brookline High,14.8,"1,179",0.3,17
8,12.7,District ,6.4,47.3,52.5,"1,018",480505, Burlington High,Burlington - Burlington High,11.1,558,0.9,20.3
17,13.9,District ,4,50.6,48.9,"1,889",490506, Cambridge Rindge and Latin,Cambridge - Cambridge Rindge and Latin,19.9,"1,053",0.9,43.1
7,15.8,District ,0.9,55.4,44.1,902,500505, Canton High,Canton - Canton High,10.9,501,0.8,21.4
8,14.6,District ,2.5,37.7,62.2,642,8150605, Cape Cod Region Vocational Technical,Cape Cod Regional Vocational Technical - Cape Cod Region Vocational Technical,24.6,395,1.2,48.9
5,13.7,District ,1.5,46.6,53.2,725,520405, Carver Middle/High School,Carver - Carver Middle/High School,21.8,506,1.4,34.1
5,14.6,District ,0.8,47.5,52.5,505,6350505, Wahconah Regional High,Central Berkshire - Wahconah Regional High,11.9,260,1,38
10,15.9,District ,1.6,49.7,50.1,"1,357",560505, Chelmsford High,Chelmsford - Chelmsford High,14.2,729,0.7,15.6
60,23.7,District ,36.5,45.3,54.6,"1,637",570505, Chelsea High,Chelsea - Chelsea High,12.3,614,4,79.4
44,6.2,District ,61.2,34.7,65.3,147,570515, Chelsea Opportunity Academy,Chelsea - Chelsea Opportunity Academy,8.8,76,37.6,76.9
14,7.8,District ,2.9,31.4,68.6,102,610021, Chicopee Academy,Chicopee - Chicopee Academy,32.4,87,22.6,87.3
21,14.6,District ,3.3,43.5,56.2,"1,161",610510, Chicopee Comprehensive High School,Chicopee - Chicopee Comprehensive High School,12.3,607,1.8,54.9
39,16.3,District ,6.7,51.5,48.3,931,610505, Chicopee High,Chicopee - Chicopee High,17.2,491,4.2,70.8
17,14.1,District ,26.5,49.5,50.5,204,4370505, City on a Hill Charter Public School,City on a Hill Charter Public School (District) - City on a Hill Charter Public School,21.1,82,7.4,75.5
11,15.5,District ,13.1,46.3,53.4,521,640505, Clinton Senior High,Clinton - Clinton Senior High,20.7,246,2.2,53.4
0,14.7,District ,11.5,50.6,49.4,340,4380505, Codman Academy Charter Public School,Codman Academy Charter Public (District) - Codman Academy Charter Public School,23.5,145,0,82.7
1,14.3,District ,0,48.8,50.9,428,650505, Cohasset High School,Cohasset - Cohasset High School,13.1,311,0.2,8.9
8,26.8,District ,21.2,50.6,49.4,"1,072",35030205, Collegiate Charter School of Lowell,Collegiate Charter School of Lowell (District) - Collegiate Charter School of Lowell,7.8,341,5.1,66.4
0,13,District ,6.9,56.9,43.1,290,4360305, Community Charter School of Cambridge,Community Charter School of Cambridge (District) - Community Charter School of Cambridge,17.2,132,0,61.4
1,19.3,District ,0.7,49.8,49.6,"1,326",6400505, Concord Carlisle High,Concord-Carlisle - Concord Carlisle High,15.5,544,0.1,8.9
8,15.2,District ,0.9,49.1,50.2,805,710505, Danvers High,Danvers - Danvers High,19.4,446,1,25.6
16,18.4,District ,1.3,49.9,50.1,"1,041",720505, Dartmouth High,Dartmouth - Dartmouth High,15.9,478,1.6,30.8
8,14.8,District ,4.3,47.4,51.3,716,730505, Dedham High,Dedham - Dedham High,18.4,388,1.2,31.4
10,11.4,District ,10.6,49,50.4,916,6450505,Yarmouth Regional High,Dennis-Yarmouth - Dennis-Yarmouth Regional High,18.2,627,1.5,54.6
14,16.1,District ,0.4,49.2,50.4,712,6500505,Rehoboth Regional High School,Dighton-Rehoboth - Dighton-Rehoboth Regional High School,15,350,2,25.1
2,13.5,District ,0.3,47.9,52.1,340,770505, Douglas High School,Douglas - Douglas High School,20.6,191,0.6,23.5
1,15.9,District ,0.2,49,50.7,659,6550505,Sherborn Regional High,Dover-Sherborn - Dover-Sherborn Regional High,15.3,357,0.2,5.8
14,18.2,District ,3.9,49.6,50,882,790505, Dracut Senior High,Dracut - Dracut Senior High,13.7,406,1.6,35.2
15,16.5,District ,1.2,52.3,47.6,922,6580505, Shepherd Hill Regional High,Dudley-Charlton Reg - Shepherd Hill Regional High,11.9,407,1.6,31.3
2,17.3,District ,0.5,49.6,50.4,949,820505, Duxbury High,Duxbury - Duxbury High,13.3,468,0.2,8.4
9,19.5,District ,1.2,45.4,54.5,953,830505, East Bridgewater JR./SR. High School,East Bridgewater - East Bridgewater JR./SR. High School,17.1,516,1.5,26.6
1,18.3,District ,0.3,48.2,51.8,816,870505, East Longmeadow High,East Longmeadow - East Longmeadow High,16.7,322,0.1,26.6
6,14.6,District ,1.2,50.5,48.3,410,860505, Easthampton High,Easthampton - Easthampton High,19.3,192,1.5,37.3
6,17.4,District ,1.5,49.7,50,"1,123",880505, Oliver Ames High,Easton - Oliver Ames High,18.3,521,0.5,19.8
3,18.3,District ,12.8,66.1,33.9,375,4520505, Edward M. Kennedy Academy for Health Careers (Horace Mann Charter School),Edward M. Kennedy Academy for Health Careers (Horace Mann Charter) (District) - Edward M. Kennedy Academy for Health Careers (Horace Mann Charter School),23.2,161,0.8,82.4
5,17.6,District ,0.3,57.4,42.2,"1,627",8170505, Essex North Shore Agricultural and Technical School,Essex North Shore Agricultural and Technical School District - Essex North Shore Agricultural and Technical School,17.7,"1,252",0.3,22.9
4,4.9,District ,18.5,27.7,72.3,65,930030, Devens School,Everett - Devens School,86.2,106,20,89.2
75,22.2,District ,24.9,48.8,51.2,"2,353",930505, Everett High,Everett - Everett High,14.5,938,3.6,71.1
1,22.9,District ,11.3,49.4,50.6,"1,388",4100205, Excel Academy Charter School,Excel Academy Charter (District) - Excel Academy Charter School,19.2,419,0.1,67.2
20,15.2,District ,0.2,51.4,48.5,631,940505, Fairhaven High,Fairhaven - Fairhaven High,10.3,354,3.2,33.3
99,19.9,District ,18.8,49.3,50.5,"2,519",950505, B M C Durfee High,Fall River - B M C Durfee High,12.9,"1,026",4.2,77
62,9,District ,14.1,33.9,66.1,248,950525, Resiliency Preparatory Academy,Fall River - Resiliency Preparatory Academy,32.3,192,71.3,91.9
3,5.9,District ,9.9,28.7,71.3,101,950340,12 School,Fall River - Stone PK-12 School,85.2,119,9.4,97
15,14.6,District ,4.2,47.9,51.2,816,960505, Falmouth High,Falmouth - Falmouth High,18.1,680,1.9,36.9
18,18.1,District ,10.6,48.1,51.9,"1,271",970505, Fitchburg High,Fitchburg - Fitchburg High,20.1,538,1.4,70.6
22,8.1,District ,9.3,44.8,54.8,270,970510, Goodrich Academy,Fitchburg - Goodrich Academy,25.6,125,15,74.4
2,13.3,District ,0,55.3,43.9,228,4130505, Four Rivers Charter Public School,Four Rivers Charter Public (District) - Four Rivers Charter Public School,14.9,209,1.4,33.8
5,14.4,District ,1.1,47.3,52.4,805,990505, Foxborough High,Foxborough - Foxborough High,16.2,498,0.7,20.9
1,20.3,District ,6.2,52.4,47.6,"1,657",4460550, Foxborough Regional Charter School,Foxborough Regional Charter (District) - Foxborough Regional Charter School,9.5,667,0.3,43.6
112,16.9,District ,23.4,50,49.9,"2,562",1000515, Framingham High School,Framingham - Framingham High School,17.9,"1,182",4.6,51.5
0,16.6,District ,0,57.5,42,379,4780505, Francis W. Parker Charter Essential School,Francis W. Parker Charter Essential (District) - Francis W. Parker Charter Essential School,15.3,237,0,12.9
8,15.6,District ,0.9,49.7,49.7,"1,683",1010505, Franklin High,Franklin - Franklin High,10.5,953,0.5,11.4
14,13,District ,0.4,39.6,60.4,566,8180605, Franklin County Technical,Franklin County Regional Vocational Technical - Franklin County Technical,23.7,321,2.4,44.9
1,14.9,District ,0.1,52.9,46.6,699,6650505, Apponequet Regional High,Freetown-Lakeville - Apponequet Regional High,15.7,368,0.1,21
5,11.5,District ,0.3,48.2,51.8,612,6700505, Frontier Regional,Frontier - Frontier Regional,18.8,581,1.3,27.9
7,9.5,District ,9.5,28.6,71.4,42,1030515, Gardner Academy for Learning and Technology,Gardner - Gardner Academy for Learning and Technology,40.5,44,7.3,88.1
7,15.8,District ,3.4,46,53.8,707,1030505, Gardner High,Gardner - Gardner High,18.5,351,1.3,60.8
6,7,District ,1.1,48,51.4,179,6720505, Gateway Regional High,Gateway - Gateway Regional High,25.1,249,3.5,46.4
1,2.8,District ,23.8,38.1,61.9,21,1050505, Georgetown High School,Georgetown - Georgetown High School,14.3,48,0.3,42.9
8,8.9,District ,5.9,51.8,47.7,170,6740505, Turners Fall High,Gill-Montague - Turners Fall High,25.3,165,4.5,59.4
2,16.8,District ,9.6,51,49,510,4960305, Global Learning Charter Public School,Global Learning Charter Public (District) - Global Learning Charter Public School,11.8,321,1.3,72
18,14.3,District ,8.8,44.9,54.5,844,1070505, Gloucester High,Gloucester - Gloucester High,28.9,436,2.2,46.7
6,17.9,District ,1.9,50.6,49.3,903,1100505, Grafton High School,Grafton - Grafton High School,12.6,406,0.7,18.4
1,13.4,District ,1.3,41.3,57.7,310,1110505, Granby Jr Sr High School,Granby - Granby Jr Sr High School,16.1,208,0.5,29.7
59,17.1,District ,3.2,54.3,45,"1,142",39010900, Greater Commonwealth Virtual School,Greater Commonwealth Virtual District - Greater Commonwealth Virtual School,24.3,396,12.6,57.2
5,15.5,District ,1.3,43.5,56.2,"1,403",8210605, Diman Regional Vocational Technical High,Greater Fall River Regional Vocational Technical - Diman Regional Vocational Technical High,9.3,886,0.4,47.8
10,13.1,District ,8.4,51.3,48.5,"1,638",8230605, Gr Lawrence Regional Vocational Technical,Greater Lawrence Regional Vocational Technical - Gr Lawrence Regional Vocational Technical,13.1,"1,458",0.6,70.9
16,18.4,District ,7.5,48.8,50.4,"2,275",8280605, Gr Lowell Regional Vocational Technical,Greater Lowell Regional Vocational Technical - Gr Lowell Regional Vocational Technical,16.8,"1,507",0.7,56.7
14,15.2,District ,4.7,47.5,52.5,"2,102",8250605, Gr New Bedford Vocational Technical,Greater New Bedford Regional Vocational Technical - Gr New Bedford Vocational Technical,10.3,"1,987",0.7,52.2
20,14.4,District ,4.9,50.6,49.2,512,1140505, Greenfield High,Greenfield - Greenfield High,20.3,326,5.2,64.1
1,16,District ,0.6,48.1,51.2,711,6730505, Groton Dunstable Regional,Groton-Dunstable - Groton Dunstable Regional,13.2,406,0.1,10.1
5,13.3,District ,2.6,48.3,50.9,230,1170505, Hopkins Academy,Hadley - Hopkins Academy,11.3,145,3,23
9,14.2,District ,0,53.5,46.5,490,6750505,Wenham Regional High,Hamilton-Wenham - Hamilton-Wenham Regional High,10,288,1.8,9.6
2,17.4,District ,4.9,48.6,51.2,553,4990305, Hampden Charter School of Science East,Hampden Charter School of Science East (District) - Hampden Charter School of Science East,13.9,290,0.7,62.9
1,16.4,District ,8,47,53,362,35160305, Hampden Charter School of Science West,Hampden Charter School of Science West (District) - Hampden Charter School of Science West,19.3,182,0.6,62.7
8,16.1,District ,0.1,51.5,48.5,"1,010",6800505, Minnechaug Regional High,Hampden-Wilbraham - Minnechaug Regional High,12.3,514,0.8,20.9
3,11.8,District ,2,54.3,45.3,689,6830505, Hampshire Regional High,Hampshire - Hampshire Regional High,21.3,601,0.7,21.5
2,15,District ,0.7,47,53,709,1220505, Hanover High,Hanover - Hanover High,17.8,353,0.3,13.1
0,15.2,District ,1.2,52.4,47.4,584,1250505, Bromfield,Harvard - Bromfield,8.9,318,0,8.2
2,10.2,District ,0,47.9,51.5,169,1270505, Smith Academy,Hatfield - Smith Academy,23.7,137,1.9,17.2
6,15.9,District ,13.5,40.5,59.5,37,1280515, Crowell,Haverhill - Crowell,32.4,10,31.6,89.2
7,5.8,District ,0,23.3,76.7,30,1280033, Greenleaf Academy,Haverhill - Greenleaf Academy,100,31,36.8,96.7
46,17.2,District ,8.1,47.9,51.9,"2,020",1280505, Haverhill High,Haverhill - Haverhill High,21.2,858,2.4,53.8
6,14.2,District ,0.1,47,52.5,"1,201",1310505, Hingham High,Hingham - Hingham High,8.7,622,0.5,8.6
8,14.3,District ,6.5,49.6,50.1,617,1330505, Holbrook Middle High School,Holbrook - Holbrook Middle High School,17.5,369,2.7,45.9
6,16.1,District ,1.1,49.9,49.2,823,1360505, Holliston High,Holliston - Holliston High,14.5,439,0.7,10.7
51,15.2,District ,20.4,47.8,51.7,"1,434",1370505, Holyoke High,Holyoke - Holyoke High,25.1,"1,054",3.4,81.9
10,13.9,District ,0.6,49,50.7,337,6030505, Hoosac Valley High School,Hoosac Valley Regional - Hoosac Valley High School,22.3,193,4.2,54.3
3,13.7,District ,2.3,48.5,51.1,470,1380505, Hopedale Jr Sr High,Hopedale - Hopedale Jr Sr High,17.7,324,1,23.4
2,18.1,District ,0.8,50.2,49.5,"1,213",1390505, Hopkinton High,Hopkinton - Hopkinton High,13.4,"1,009",0.2,7.8
17,14.3,District ,10,53.3,46.3,857,1410505, Hudson High,Hudson - Hudson High,16,501,2.7,35.6
2,9.5,District ,1.6,43.6,55.7,248,1420505, Hull High,Hull - Hull High,19.4,235,0.8,35.9
5,18.4,District ,2.7,52.5,47.3,772,4350305, Innovation Academy Charter School,Innovation Academy Charter (District) - Innovation Academy Charter School,23.2,426,1.3,26.9
3,11.7,District ,1.1,51.9,47.9,528,1440505, Ipswich High,Ipswich - Ipswich High,13.3,390,0.6,18.6
3,24.5,District ,13.5,50.2,49.8,"1,617",4290010, KIPP Academy Lynn Charter School,KIPP Academy Lynn Charter (District) - KIPP Academy Lynn Charter School,12,518,0.6,71.7
16,17,District ,0.5,49.8,50,"1,172",6900505, King Philip Regional High,King Philip - King Philip Regional High,13.7,486,1.4,15.4
10,14.8,District ,49.4,40.9,58.5,176,1490536, High School Learning Center,Lawrence - High School Learning Center,19.9,55,4.8,85.2
36,17.3,District ,38.5,47.6,52.1,"2,935",1490515, Lawrence High School,Lawrence - Lawrence High School,14.6,"1,548",1.2,84.5
14,11.1,District ,25.3,20.3,79.8,79,1490615, RISE Academy,Lawrence - RISE Academy,38,41,17.7,92.4
7,4,District ,25.4,14,86,114,1490537, School for Exceptional Studies,Lawrence - School for Exceptional Studies,99.1,186,17.5,97.4
0,11,District ,4.5,47,53,332,1500505, Lee Middle/High School,Lee - Lee Middle/High School,16.6,241,0,47
7,18.2,District ,2.5,49.4,50.6,433,1510505, Leicester High,Leicester - Leicester High,12.7,216,1.6,27
1,11.8,District ,2.4,50.2,49.8,424,1520505, Lenox Memorial High,Lenox - Lenox Memorial High,8.5,368,0.4,25.2
3,13.7,District ,8.7,35.4,64.6,748,1530605, Center For Technical Education Innovation,Leominster - Center For Technical Education Innovation,27.7,150,0.4,56.8
3,15.4,District ,6.7,44.4,48.9,45,1530515, Leominster Center for Excellence,Leominster - Leominster Center for Excellence,46.7,14,6.4,55.6
13,19.2,District ,9.6,49.4,50.4,"1,718",1530505, Leominster High School,Leominster - Leominster High School,20.4,643,1.2,53
3,18.3,District ,2,51,48.7,"2,287",1550505, Lexington High,Lexington - Lexington High,12.2,"1,141",0.1,7
0,21.4,District ,25.5,52.2,47.8,314,35140305, Libertas Academy Charter School,Libertas Academy Charter School (District) - Libertas Academy Charter School,21.7,80,0,87.3
2,18.1,District ,0.6,50.3,49.4,"1,520",6950505,Sudbury Regional High,Lincoln-Sudbury - Lincoln-Sudbury Regional High,19.6,"1,237",0.1,8.9
4,14.6,District ,0.5,49.3,49.8,446,1580505, Littleton High School,Littleton - Littleton High School,12.3,220,0.9,11.4
4,17.5,District ,0.2,48.1,51.4,900,1590505, Longmeadow High,Longmeadow - Longmeadow High,17.7,401,0.4,12.1
0,3.1,District ,6.8,22,78,59,1600605, Dr. Janice Adie Day School,Lowell - Dr. Janice Adie Day School,100,138,0,74.6
3,4.6,District ,6.8,45.5,52.3,44,1600320, Leblanc Therapeutic Day School,Lowell - Leblanc Therapeutic Day School,100,91,7.7,90.9
143,19.6,District ,22.8,47.3,52.6,"3,180",1600505, Lowell High,Lowell - Lowell High,14.2,"2,103",4.7,70.1
19,8.2,District ,13.5,32.6,67.4,89,1600515, The Career Academy,Lowell - The Career Academy,25.8,108,19.6,91
16,17.4,District ,1.8,56,41.3,109,4580505, Lowell Middlesex Academy Charter School,Lowell Middlesex Academy Charter (District) - Lowell Middlesex Academy Charter School,34.9,80,21.6,76.2
17,14.5,District ,2.8,49.5,50.3,835,1610505, Ludlow Senior High,Ludlow - Ludlow Senior High,16.2,403,2.1,33.4
3,15.3,District ,1.3,47.4,52.4,460,1620505, Lunenburg High,Lunenburg - Lunenburg High,9.8,235,0.7,21.3
65,19.9,District ,29.9,46.4,53.5,"1,738",1630505, Classical High,Lynn - Classical High,14.2,608,3.6,71.3
13,11,District ,53.9,41.6,57.5,221,1630525,Leary Junior/Senior High School,Lynn - Fecteau-Leary Junior/Senior High School,20.8,46,19.1,88.7
136,20.3,District ,34.2,47.6,52.3,"2,078",1630510, Lynn English High,Lynn - Lynn English High,12,734,6.3,74.3
6,19.6,District ,11.8,46.9,52.8,"1,517",1630605, Lynn Vocational Technical Institute,Lynn - Lynn Vocational Technical Institute,22,724,0.6,72.3
0,14.6,District ,1.6,51.1,48.8,568,1640505, Lynnfield High,Lynnfield - Lynnfield High,18.1,262,0,10.7
5,20.9,District ,17.3,51.5,48.5,"1,225",4690505, MATCH Charter Public School,MATCH Charter Public School (District) - MATCH Charter Public School,21.5,340,1.6,78.1
0,15.8,District ,0,46,54,50,4680505, Ma Academy for Math and Science School,Ma Academy for Math and Science - Ma Academy for Math and Science School,0,19,0,2
52,22,District ,14.6,50.3,49.6,"1,844",1650505, Malden High,Malden - Malden High,15.8,783,3,65.4
1,11.8,District ,0,47.9,51.5,449,6980510, Manchester Essex Regional High School,Manchester Essex Regional - Manchester Essex Regional High School,8.2,279,0.2,14.3
1,14.4,District ,0.5,48,51.8,"1,108",1670505, Mansfield High,Mansfield - Mansfield High,11.8,679,0.1,19.2
19,14.7,District ,0,40.9,54.4,237,35170505, Map Academy Charter School,Map Academy Charter School (District) - Map Academy Charter School,51.9,150,8.5,65.8
0,14.7,District ,2.8,48.7,50.7,937,1680505, Marblehead High,Marblehead - Marblehead High,13.7,615,0,13.7
34,13.6,District ,28.8,43.3,56.4,"1,137",1700505, Marlborough High,Marlborough - Marlborough High,12.9,628,3.4,57.7
6,17.8,District ,0.7,49.4,50.6,"1,237",1710505, Marshfield High,Marshfield - Marshfield High,17.5,550,0.5,17.1
11,13,District ,14.4,44.8,55.2,728,7000505, Martha's Vineyard Regional High,Martha's Vineyard - Martha's Vineyard Regional High,18.4,406,1.6,42.2
4,11.3,District ,4,61.4,38.6,176,4660550, Martha's Vineyard Charter School,Martha's Vineyard Charter (District) - Martha's Vineyard Charter School,27.3,98,12.1,52.3
5,13.6,District ,0.4,52.8,47.2,"1,035",7050505, Masconomet Regional High School,Masconomet - Masconomet Regional High School,15.4,612,0.5,10.7
7,11.6,District ,0.9,47.3,52.5,448,1720505, Mashpee High,Mashpee - Mashpee High,15,310,1.6,35.7
5,13.2,District ,5.8,49.9,48.9,327,1740505, Maynard High,Maynard - Maynard High,17.1,212,1.6,23.9
1,16.8,District ,0.4,50.3,49.7,751,1750505, Medfield Senior High,Medfield - Medfield Senior High,10.8,386,0.1,6.8
2,6.7,District ,0,54.6,40.9,22,1760510,Tufts,Medford - Curtis-Tufts,90.9,24,16.7,77.3
17,13,District ,11.8,46.2,53.4,"1,242",1760505, Medford High,Medford - Medford High,19,688,1.4,44.7
2,15.3,District ,0.6,50.6,49.1,637,1770505, Medway High,Medway - Medway High,12.9,312,0.3,11.9
3,16.4,District ,1.8,50.8,49,928,1780505, Melrose High,Melrose - Melrose High,15.4,384,0.3,15.1
6,14,District ,1.3,51.2,48.7,633,7100510, Nipmuc Regional High,Mendon-Upton - Nipmuc Regional High,15.6,351,1,13.4
40,17.5,District ,10.8,48.5,51.4,"1,967",1810505, Methuen High,Methuen - Methuen High,10.2,"1,071",2.1,47.9
7,15.7,District ,1.5,49.6,50.2,887,1820505, Middleborough High,Middleborough - Middleborough High,14.7,463,0.8,35.7
55,17.8,District ,19.1,45.4,54.6,"1,323",1850505, Milford High,Milford - Milford High,12.9,625,4.3,50.7
10,16.4,District ,3.3,48.9,50.8,754,1860505, Millbury Junior/Senior High,Millbury - Millbury Junior/Senior High,21.5,417,2.1,37.9
3,13.1,District ,0.3,49.5,49.5,329,1870505, Millis High School,Millis - Millis High School,11.3,171,0.9,20.4
4,17,District ,2.2,49.1,50.6,"1,107",1890505, Milton High,Milton - Milton High,19.2,535,0.4,18.8
17,12.6,District ,0.6,36.2,62.1,643,8300605, Minuteman Regional High,Minuteman Regional Vocational Technical - Minuteman Regional High,30.2,541,2.6,20.7
4,9,District ,0.7,49.6,49.6,276,7170505, Mohawk Trail Regional School,Mohawk Trail - Mohawk Trail Regional School,29,278,2.8,47.8
12,14.4,District ,2.2,50.7,48.9,683,7120515, Monomoy Regional High School,Monomoy Regional School District - Monomoy Regional High School,15.2,438,2.3,35.4
3,13.4,District ,0.6,52,47.5,333,1910505, Monson High School,Monson - Monson High School,22.2,217,1.7,39.6
8,17.9,District ,0.6,49.3,50,"1,393",8320605, Montachusett Regional Vocational Technical,Montachusett Regional Vocational Technical - Montachusett Regional Vocational Technical,15.7,632,0.6,36
1,13.1,District ,1,53,46,528,7150505, Mt Greylock Regional High,Mount Greylock - Mt Greylock Regional High,15.3,385,0.3,21.6
0,23.4,District ,1.6,51.8,48.2,"1,582",4700105, Mystic Valley Regional Charter School,Mystic Valley Regional Charter (District) - Mystic Valley Regional Charter School,10.7,781,0,30.8
9,15.4,District ,12.7,47.2,52.8,574,1970505, Nantucket High,Nantucket - Nantucket High,12.5,304,1.6,37.8
5,15.2,District ,0.5,45.6,53.7,423,7200505, Narragansett Regional High,Narragansett - Narragansett Regional High,16.8,248,1.7,42.1
5,13.4,District ,1.7,50.5,49.1,890,7250505, Nashoba Regional,Nashoba - Nashoba Regional,12.6,530,0.6,11.4
4,13.4,District ,0.4,38.2,60.7,707,8520605, Nashoba Valley Technical High School,Nashoba Valley Regional Vocational Technical - Nashoba Valley Technical High School,31.5,411,0.5,30.8
5,16.1,District ,2.7,47.5,51.7,"1,689",1980505, Natick High,Natick - Natick High,18.6,917,0.3,14.4
9,12.7,District ,1.9,54.3,45.2,824,6600505, Nauset Regional High,Nauset - Nauset Regional High,14.8,528,1.1,28.5
7,16.9,District ,1.2,50.4,48.8,"1,671",1990505, Needham High,Needham - Needham High,17.1,728,0.4,7.6
5,16.6,District ,10.5,50,50,802,4440205, Neighborhood House Charter School,Neighborhood House Charter (District) - Neighborhood House Charter School,24.1,396,1.8,63.6
149,18.3,District ,28.8,46.8,53.1,"3,030",2010505, New Bedford High,New Bedford - New Bedford High,18.3,"1,365",5.2,78.8
8,6.3,District ,12.8,31.4,67.7,102,2010510, Trinity Day Academy,New Bedford - Trinity Day Academy,100,135,16.7,92.2
16,7.7,District ,21.1,33.6,66.5,152,2010515, Whaling City Junior/Senior High School,New Bedford - Whaling City Junior/Senior High School,36.8,129,26.2,90.8
2,21.1,District ,16.9,49,51,651,35130305, New Heights Charter School of Brockton,New Heights Charter School of Brockton (District) - New Heights Charter School of Brockton,10.9,233,0.5,61.8
8,16.5,District ,2.5,50.4,49.4,801,2040505, Newburyport High,Newburyport - Newburyport High,16.1,677,1,12.4
5,14.2,District ,3.1,48,51.4,"2,100",2070505, Newton North High,Newton - Newton North High,15,"1,168",0.2,15.1
3,13,District ,2.4,47.1,52.5,"1,856",2070510, Newton South High,Newton - Newton South High,16.9,"1,116",0.2,11.8
2,16.5,District ,0.3,73.9,25.4,591,9150705, Norfolk County Agricultural,Norfolk County Agricultural - Norfolk County Agricultural,21.5,488,0.3,23.7
29,14,District ,0,54.9,45.1,517,2090505, Drury High,North Adams - Drury High,23.4,261,8.8,71.8
5,16.3,District ,0.7,48.3,51.6,"1,351",2110505, North Andover High,North Andover - North Andover High,14.4,806,0.4,22.1
7,16.6,District ,0.5,49.4,49.9,"1,152",2120505, North Attleboro High,North Attleborough - North Attleboro High,12.6,646,0.6,23.5
11,10.6,District ,3.5,50.3,49.7,173,2150505, North Brookfield High,North Brookfield - North Brookfield High,24.9,89,10.8,54.3
10,17.4,District ,2.1,49.3,50.4,802,7350505, North Middlesex Regional,North Middlesex - North Middlesex Regional,21.8,460,1.3,23.8
1,16.1,District ,0.5,50.4,49,635,2170505, North Reading High,North Reading - North Reading High,17.2,314,0.2,11
8,15.9,District ,3.2,49.5,49,917,2100505, Northampton High,Northampton - Northampton High,17.8,426,0.9,26.7
8,12.3,District ,3.6,41.3,58.2,555,4060705, Smith Vocational and Agricultural High,Northampton-Smith Vocational Agricultural - Smith Vocational and Agricultural High,40,450,1.5,40.2
2,14.3,District ,2.4,52.4,47.6,"1,268",7300505, Algonquin Regional High,Northboro-Southboro - Algonquin Regional High,14.5,759,0.2,12.8
19,15.3,District ,2.4,44.3,55.7,539,2140505, Northbridge High,Northbridge - Northbridge High,13.9,315,3.7,35.6
7,18.3,District ,3.4,43.7,56.1,"1,324",8530605, Northeast Metro Regional Vocational,Northeast Metropolitan Regional Vocational Technical - Northeast Metro Regional Vocational,25.8,977,0.5,52
5,15.9,District ,0,39.1,60.9,530,8510605, Charles McCann Vocational Technical,Northern Berkshire Regional Vocational Technical - Charles McCann Vocational Technical,12.3,433,1,46.2
8,14.2,District ,1.5,49.4,50.2,664,2180505, Norton High,Norton - Norton High,17.3,406,1.2,22.1
0,13.3,District ,0,50.3,49.7,630,2190505, Norwell High,Norwell - Norwell High,14,332,0,5.9
4,14.3,District ,6,50.6,49,"1,002",2200505, Norwood High,Norwood - Norwood High,19,519,0.4,37.6
1,15.3,District ,0,35.5,64.3,552,8550605, Old Colony Regional Vocational Technical,Old Colony Regional Vocational Technical - Old Colony Regional Vocational Technical,20.8,272,0.2,26.6
2,15.6,District ,0.2,47.8,52.2,682,7400505, Old Rochester Regional High,Old Rochester - Old Rochester Regional High,14.2,360,0.3,20.4
13,15.5,District ,0.8,51.7,47.5,520,2260505, Oxford High,Oxford - Oxford High,17.7,259,3.3,47.5
6,14.1,District ,3.9,47.1,52.4,586,2270505, Palmer High,Palmer - Palmer High,19.3,302,2.2,59.7
7,11.7,District ,0.3,38.7,60.5,610,8600605, Pathfinder Vocational Technical,Pathfinder Regional Vocational Technical - Pathfinder Vocational Technical,27.5,529,1.1,43
4,0,District ,0,0,0,0,35010505, Paulo Freire Social Justice Charter School,Paulo Freire Social Justice Charter School (District) - Paulo Freire Social Justice Charter School,0,0,1.6,0
0,9.3,District ,4.7,63.8,36.2,127,2290705, Peabody Personalized Remote Education Program (Peabody P.R.E.P.),Peabody - Peabody Personalized Remote Education Program (Peabody P.R.E.P.),15,68,0,68.5
38,15.5,District ,9.6,47.9,52,"1,473",2290510, Peabody Veterans Memorial High,Peabody - Peabody Veterans Memorial High,15.6,764,2.6,46
2,16.3,District ,0.4,48.5,51.2,786,2310505, Pembroke High School,Pembroke - Pembroke High School,12.9,373,0.3,16.9
2,13.3,District ,0.2,48.6,51.1,632,7450505, Pentucket Regional Sr High,Pentucket - Pentucket Regional Sr High,16.8,406,0.3,18.5
57,23.8,District ,19.6,44.8,55.2,143,35180505, Phoenix Academy Public Charter High School Lawrence,Phoenix Academy Public Charter High School Lawrence (District) - Phoenix Academy Public Charter High School Lawrence,26.6,38,41.3,88.8
112,14.1,District ,12.7,46.7,53.3,150,35080505, Phoenix Academy Public Charter High School Springfield,Phoenix Academy Public Charter High School Springfield (District) - Phoenix Academy Public Charter High School Springfield,26.7,245,64,88.7
99,21.7,District ,57.9,47.2,52.8,178,4930505, Phoenix Charter Academy,Phoenix Charter Academy (District) - Phoenix Charter Academy,11.2,25,53.5,80.9
1,18.2,District ,22.8,52.1,47.9,798,4940205, Pioneer Charter School of Science,Pioneer Charter School of Science (District) - Pioneer Charter School of Science,8.3,367,0.5,57
1,18.9,District ,11.5,55,45,382,35060505, Pioneer Charter School of Science II (PCSSII),Pioneer Charter School of Science II (PCSS-II) (District) - Pioneer Charter School of Science II (PCSS-II),14.7,160,0.4,47.4
3,11.9,District ,1.2,50,50,260,7500505, Pioneer Valley Regional,Pioneer Valley - Pioneer Valley Regional,15.8,229,2,33.9
0,16.5,District ,2.7,49.7,50.1,553,4970205, Pioneer Valley Chinese Immersion Charter School,Pioneer Valley Chinese Immersion Charter (District) - Pioneer Valley Chinese Immersion Charter School,13,334,0,24.6
3,13.5,District ,0.3,64.2,34.8,405,4790505, Pioneer Valley Performing Arts Charter Public School,Pioneer Valley Performing Arts Charter Public (District) - Pioneer Valley Performing Arts Charter Public School,23.5,338,1.2,40
4,4.4,District ,4.2,16.7,83.3,24,2360525, Eagle Education Academy,Pittsfield - Eagle Education Academy,100,37,25,100
23,12.3,District ,4.8,49.8,49.9,667,2360505, Pittsfield High,Pittsfield - Pittsfield High,23.7,413,3.5,55.9
9,0,District ,0,0,0,0,2360705, Pittsfield Public Virtual Academy,Pittsfield - Pittsfield Public Virtual Academy,0,0,12.5,0
20,13.6,District ,2.8,50.1,49.7,825,2360510, Taconic High,Pittsfield - Taconic High,20,422,2.4,63
11,15.9,District ,4.5,47.4,52.3,"1,297",2390505, Plymouth North High,Plymouth - Plymouth North High,15,929,0.8,33.4
9,13.8,District ,0,46.3,53.7,"1,042",2390515, Plymouth South High,Plymouth - Plymouth South High,18.3,929,0.9,26.2
1,18.1,District ,16.7,50.9,49.1,"1,100",4870550, Prospect Hill Academy Charter School,Prospect Hill Academy Charter (District) - Prospect Hill Academy Charter School,14.7,467,0.3,65.7
13,18.6,District ,0.5,55.2,44.3,616,7530505, Quabbin Regional High School,Quabbin - Quabbin Regional High School,16.1,443,2.1,34.7
12,14.4,District ,0.6,50.3,48.8,338,7780505, Quaboag Regional High,Quaboag Regional - Quaboag Regional High,16.3,182,3.5,42.9
10,16.9,District ,9.5,47,53,"1,446",2430510, North Quincy High,Quincy - North Quincy High,15.4,617,0.7,43.7
23,14.6,District ,9.8,49.9,49.9,"1,496",2430505, Quincy High,Quincy - Quincy High,20,841,1.6,53.5
19,13.5,District ,0.5,46.9,51,557,7550505, Ralph C Mahar Regional,Ralph C Mahar - Ralph C Mahar Regional,24.6,537,5.6,56.2
28,16.9,District ,14.5,41.6,58.3,623,2440505, Randolph High,Randolph - Randolph High,22.3,278,4.7,60.4
9,15.8,District ,0.9,48,51.7,"1,141",2460505, Reading Memorial High,Reading - Reading Memorial High,16.3,592,0.8,12.1
57,18.8,District ,19.6,48.9,50.9,"2,123",2480505, Revere High,Revere - Revere High,11.6,973,2.9,67.7
23,7.8,District ,6.7,36,62.9,89,2480520, Seacoast School,Revere - Seacoast School,25.8,131,32.9,76.4
0,18.4,District ,0.6,49.9,49.8,651,4830305, Rising Tide Charter Public School,Rising Tide Charter Public (District) - Rising Tide Charter Public School,23.4,306,0,22.3
8,14.8,District ,7.1,48.7,51.3,647,2510505, Rockland Senior High,Rockland - Rockland Senior High,17,303,1.5,45.9
2,11.2,District ,0.9,44.9,55.1,234,2520510, Rockport High,Rockport - Rockport High,23.1,174,0.9,24.8
14,0,District ,0,0,0,0,4840505, Roxbury Preparatory Charter School,Roxbury Preparatory Charter (District) - Roxbury Preparatory Charter School,0,0,2.1,0
15,15.8,District ,9.1,63.6,34.9,66,2580510, New Liberty Innovation School,Salem - New Liberty Innovation School,34.9,59,27.8,78.8
11,12.9,District ,15.1,44.9,54.7,839,2580505, Salem High,Salem - Salem High,24.9,575,1.4,67.1
3,4,District ,4.4,30.4,65.2,23,2580515, Salem Prep High School,Salem - Salem Prep High School,95.7,94,18.8,73.9
0,18.3,District ,2.8,50.4,49,494,4850485, Salem Academy Charter School,Salem Academy Charter (District) - Salem Academy Charter School,17,253,0,52.4
7,14.2,District ,0.8,49.8,49.9,615,2610505, Sandwich High,Sandwich - Sandwich High,19.7,383,1.2,18.4
18,14.7,District ,5.6,48.8,50.9,719,2620505, Saugus High,Saugus - Saugus High,12.4,395,2.6,42.8
7,15.8,District ,0.1,51.1,48.3,860,2640505, Scituate High School,Scituate - Scituate High School,13.6,500,0.8,14.3
3,16.5,District ,0.2,46.2,53.5,593,2650505, Seekonk High,Seekonk - Seekonk High,16.9,314,0.5,18.4
0,15.3,District ,1.6,48.2,51.7,"1,132",2660505, Sharon High,Sharon - Sharon High,12.5,530,0,14
4,14.1,District ,0.1,38.7,61,"1,304",8710605, Shawsheen Valley Vocational Technical High School,Shawsheen Valley Regional Vocational Technical - Shawsheen Valley Vocational Technical High School,27.5,820,0.3,22.3
12,17.4,District ,2.2,53.4,46.6,"1,837",2710505, Shrewsbury High School,Shrewsbury - Shrewsbury High School,10,939,0.7,17.5
2,17.2,District ,0.7,45.3,54.6,"1,228",7600505, Silver Lake Regional High,Silver Lake - Silver Lake Regional High,18.9,466,0.2,23.8
3,13,District ,2,47.1,51.8,359,4740505, Sizer School: A North Central Charter Essential School,Sizer School: A North Central Charter Essential (District) - Sizer School: A North Central Charter Essential School,29.3,226,1.4,51.8
9,16.8,District ,0.3,50,49.9,"1,010",7630505, Somerset Berkley Regional High School,Somerset Berkley Regional School District - Somerset Berkley Regional High School,12.2,461,0.9,24.2
7,8.6,District ,13.2,35.3,64.7,68,2740510, Full Circle High School,Somerville - Full Circle High School,69.1,153,13.5,91.2
30,13.9,District ,18.8,48.4,51,"1,360",2740505, Somerville High,Somerville - Somerville High,16.3,733,2.3,58.5
4,13.5,District ,3.8,52.1,47.7,553,2780505, South Hadley High,South Hadley - South Hadley High,17,291,0.7,32.9
18,12.1,District ,16.2,41.8,57.1,828,8290605, Joseph P Keefe Technical High School,South Middlesex Regional Vocational Technical - Joseph P Keefe Technical High School,37.3,735,2.1,59.8
3,17.2,District ,10.8,49.7,50,"1,037",4880550, South Shore Charter Public School,South Shore Charter Public (District) - South Shore Charter Public School,19.1,496,0.9,32.4
10,15.5,District ,0.3,32.7,66.9,646,8730605, So Shore Vocational Technical High,South Shore Regional Vocational Technical - So Shore Vocational Technical High,27.4,331,1.5,31.3
6,4.8,District ,21.6,32.4,67.6,37,2770525, Southbridge Academy,Southbridge - Southbridge Academy,86.5,47,20.7,91.9
28,17.3,District ,22.5,46.4,53.4,444,2770515, Southbridge High School,Southbridge - Southbridge High School,20.3,331,6.3,79.5
9,18.3,District ,3,51.9,47.3,"1,534",8720605, Southeastern Regional Vocational Technical,Southeastern Regional Vocational Technical - Southeastern Regional Vocational Technical,14,655,0.6,45.1
1,9.5,District ,2.6,48.9,50.8,305,7650505, Mt Everett Regional,Southern Berkshire - Mt Everett Regional,21.3,286,0.6,46.9
3,13.6,District ,1,42.4,57.4,"1,174",8760605, Bay Path Regional Vocational Technical High School,Southern Worcester County Regional Vocational School District - Bay Path Regional Vocational Technical High School,13.9,"1,021",0.3,34.8
2,14.4,District ,1.8,52.5,47.3,653,7660505, Southwick Regional School,Southwick-Tolland-Granville Regional School District - Southwick Regional School,15.8,363,0.5,33.1
18,17.1,District ,3.3,47,52.7,330,7670505, David Prouty High,Spencer-E Brookfield - David Prouty High,16.4,181,5.3,50.6
2,11.5,District ,9.8,71.3,28,307,2810475, Conservatory of the Arts,Springfield - Conservatory of the Arts,23.8,193,1.1,87.3
2,43,District ,2.3,69.8,30.2,43,2810575, Gateway to College at Holyoke Community College,Springfield - Gateway to College at Holyoke Community College,16.3,1,6.1,95.4
0,25,District ,0,72,24,25,2810580, Gateway to College at Springfield Technical Community College,Springfield - Gateway to College at Springfield Technical Community College,8,1,0,80
78,14.7,District ,17.7,47.6,52.2,"1,270",2810510, High School Of Commerce,Springfield - High School Of Commerce,22.4,753,6.1,88.1
2,15.1,District ,9.9,44.9,54.8,777,2810320, John J Duggan Middle,Springfield - John J Duggan Middle,25.2,514,0.7,81.6
16,12.9,District ,11.3,55.2,44.7,"1,362",2810620, Roger L. Putnam Vocational Technical Academy,Springfield - Roger L. Putnam Vocational Technical Academy,16.2,914,1.2,81.1
24,16.5,District ,14.4,46.5,53.5,"2,090",2810500, Springfield Central High,Springfield - Springfield Central High,18.4,"1,026",1.2,79.8
78,15.6,District ,12.5,41.4,57.8,249,2810570, Springfield High School,Springfield - Springfield High School,32.5,154,38.4,89.2
21,12.8,District ,16.5,43.2,56.7,"1,099",2810530, Springfield High School of Science and Technology,Springfield - Springfield High School of Science and Technology,24.8,744,1.9,89.6
16,14.5,District ,100,24.5,75.5,102,2810700, Springfield International Academy at Sci Tech,Springfield - Springfield International Academy at Sci-Tech,1,57,20.8,84.3
15,5.5,District ,6.2,21.5,78.5,65,2810550, Springfield Public Day High School,Springfield - Springfield Public Day High School,100,85,23.1,96.9
3,13.4,District ,5.8,50.7,49.2,608,2810205, The Springfield Renaissance School an Expeditionary Learning School,Springfield - The Springfield Renaissance School an Expeditionary Learning School,21.2,388,0.9,71.9
7,17.2,District ,12.2,51.4,48.6,580,2810705, The Springfield Virtual School,Springfield - The Springfield Virtual School,29,336,4.5,89.5
6,27,District ,10.8,50.7,49.2,"1,585",4410505, Springfield International Charter School,Springfield International Charter (District) - Springfield International Charter School,16.7,659,1.6,60.8
5,11.8,District ,2.6,50.3,49.7,579,2840505, Stoneham High,Stoneham - Stoneham High,18,440,0.9,24
22,16.9,District ,8.8,47.5,52.5,"1,077",2850505, Stoughton High,Stoughton - Stoughton High,14.4,691,2.1,42.8
0,14.1,District ,0.8,57.8,41.9,844,4890505, Sturgis Charter Public School,Sturgis Charter Public (District) - Sturgis Charter Public School,18.5,527,0,24.1
1,15.7,District ,0.8,48.8,50.4,367,2900510, Sutton High School,Sutton - Sutton High School,6.8,170,0.3,17.7
3,13.5,District ,2.3,49.6,50.2,667,2910505, Swampscott High,Swampscott - Swampscott High,18.9,455,0.5,25.3
7,14.7,District ,0.4,47.3,52.7,543,2920505, Joseph Case High,Swansea - Joseph Case High,13.1,259,1.3,27.6
213,41.2,District ,4.1,55.3,44.5,"2,962",39020900, TEC Connections Academy Commonwealth Virtual School,TEC Connections Academy Commonwealth Virtual School District - TEC Connections Academy Commonwealth Virtual School,20.9,716,15.3,54.5
9,12.6,District ,1.4,46.7,52.6,"1,194",7700505, Tantasqua Regional Sr High,Tantasqua - Tantasqua Regional Sr High,11.1,765,1.3,28.5
3,11.5,District ,1,36.5,62.8,510,7700605, Tantasqua Regional Vocational,Tantasqua - Tantasqua Regional Vocational,15.9,74,0.6,34.9
9,7.1,District ,9.5,37.1,62.9,105,2930525, Taunton Alternative High School,Taunton - Taunton Alternative High School,28.6,97,12.5,78.1
55,20.6,District ,5.8,49.1,50.8,"2,794",2930505, Taunton High,Taunton - Taunton High,16.6,"1,032",2.7,55.4
6,18.2,District ,1.4,51.2,48.4,804,2950505, Tewksbury Memorial High,Tewksbury - Tewksbury Memorial High,12.8,408,0.8,21.9
5,15.6,District ,0.2,39.3,59.7,938,8780605,County Regional Vocational Technical,Tri-County Regional Vocational Technical - Tri-County Regional Vocational Technical,30.9,818,0.5,26.8
16,13.4,District ,0.9,47.7,51.6,639,7730505, Triton Regional High School,Triton - Triton Regional High School,15.2,341,2.5,31.5
3,15.4,District ,0.9,51.6,48.4,426,3010505, Tyngsborough High School,Tyngsborough - Tyngsborough High School,12.2,343,0.7,19.5
3,14.4,District ,0.4,40.7,59.3,715,8790605, Upper Cape Cod Vocational Technical,Upper Cape Cod Regional Vocational Technical - Upper Cape Cod Vocational Technical,27.3,360,0.4,41.3
8,0,District ,0,0,0,0,3040515, Gateway to College,Uxbridge - Gateway to College,0,0,25,0
5,13.1,District ,1.8,42.9,57.1,567,3040505, Uxbridge High,Uxbridge - Uxbridge High,16.1,391,1.1,28.9
18,16.8,District ,0.7,52.9,47.1,"1,970",7750505, Wachusett Regional High,Wachusett - Wachusett Regional High,14.2,"1,057",0.9,15.6
6,13.5,District ,2.5,51.2,48.7,844,3050505, Wakefield Memorial High,Wakefield - Wakefield Memorial High,17.7,478,0.7,17.7
8,16.7,District ,2.4,49.3,50.3,"1,029",3070505, Walpole High,Walpole - Walpole High,12.6,522,0.8,16.2
73,15.2,District ,20.9,46.7,53.2,"1,704",3080505, Waltham Sr High,Waltham - Waltham Sr High,16.1,944,4.4,54
19,17.7,District ,0.8,49,51,508,3090505, Ware Junior/Senior High School,Ware - Ware Junior/Senior High School,22.6,238,6.5,58.9
21,5.6,District ,0,42.1,57.9,57,3100315, Wareham Cooperative Alternative School,Wareham - Wareham Cooperative Alternative School,33.3,29,55.3,77.2
4,12.4,District ,0.5,52.2,47.4,623,3100505, Wareham Senior High,Wareham - Wareham Senior High,29.2,505,1,63.7
19,14.2,District ,12.2,45.2,54.4,719,3140505, Watertown High,Watertown - Watertown High,16.3,409,2.7,46.5
1,15.4,District ,1.1,51.3,48.7,828,3150505, Wayland High School,Wayland - Wayland High School,20.1,381,0.1,9.5
31,14.3,District ,12.7,50.8,49.2,394,3160505, Bartlett High School,Webster - Bartlett High School,17.5,231,7.8,68.3
2,15.7,District ,0.4,51.1,48.8,"1,407",3170505, Wellesley Sr High,Wellesley - Wellesley Sr High,15.9,667,0.1,7.2
4,13.4,District ,1.5,52.3,47.7,474,3220505, West Boylston Junior/Senior High,West Boylston - West Boylston Junior/Senior High,14.4,368,1.5,29.3
3,16.9,District ,2.5,50.5,49.5,634,3230505, West Bridgewater Junior/Senior,West Bridgewater - West Bridgewater Junior/Senior,10.4,457,0.8,27.8
25,16.2,District ,5.8,45.8,53.6,"1,200",3320505, West Springfield High,West Springfield - West Springfield High,20.1,686,2.1,53.4
5,14.9,District ,4.4,51.2,48.6,"1,192",3210505, Westborough High,Westborough - Westborough High,10,748,0.4,14.9
26,15.3,District ,5,52.1,47.7,"1,097",3250505, Westfield High,Westfield - Westfield High,20.8,598,2.4,43.3
5,13.4,District ,3.8,33.9,66.1,531,3250605, Westfield Technical Academy,Westfield - Westfield Technical Academy,25.8,279,0.9,48.2
5,17.6,District ,1,48.4,51.5,"1,563",3260505, Westford Academy,Westford - Westford Academy,12.3,730,0.3,6.7
0,13.4,District ,1.4,47.1,52.7,641,3300505, Weston High,Weston - Weston High,22.5,584,0,6.4
7,16.6,District ,1,47.2,52.5,833,3310515, Westport Middle High School,Westport - Westport Middle-High School,17.7,424,2.2,32.7
0,14.9,District ,0.3,50,49.9,956,3350505, Westwood High,Westwood - Westwood High,16.1,533,0,8.4
27,15.8,District ,5.4,48.9,51,"2,323",3360505, Weymouth High School,Weymouth - Weymouth High School,20.8,"1,215",1.5,40.6
14,0,District ,0,0,0,0,7800505, Whitman Hanson Regional,Whitman-Hanson - Whitman Hanson Regional,0,0,1.3,0
8,12.7,District ,1.1,46.5,53.3,"1,263",8850605, Whittier Regional Vocational,Whittier Regional Vocational Technical - Whittier Regional Vocational,18.1,"1,002",0.6,40.3
8,13.9,District ,0.6,52.8,47.1,707,3420505, Wilmington High,Wilmington - Wilmington High,13.9,436,1.2,14.6
20,15.5,District ,0,45.5,54.6,22,3430405, Murdock Academy for Success,Winchendon - Murdock Academy for Success,40.9,2,76.9,68.2
10,13,District ,1.5,45.8,53.8,264,3430515, Murdock High School,Winchendon - Murdock High School,23.1,149,3.8,54.2
5,16.3,District ,1.1,51.6,48.4,"1,348",3440505, Winchester High School,Winchester - Winchester High School,16.1,634,0.4,8.1
17,18.1,District ,5,49.6,50.1,575,3460505, Winthrop High School,Winthrop - Winthrop High School,14.6,214,3,40.5
18,14.6,District ,8.3,51.7,48,"1,271",3470505, Woburn High,Woburn - Woburn High,16.1,654,1.5,38.2
30,13.5,District ,24.5,47.1,52.9,"1,134",3480503, Burncoat Senior High,Worcester - Burncoat Senior High,24.7,670,2.6,73.5
18,17,District ,33.3,51,49,520,3480350, Claremont Academy,Worcester - Claremont Academy,14,281,5.3,85.6
24,11.3,District ,20.2,44,56,"1,280",3480512, Doherty Memorial High,Worcester - Doherty Memorial High,15.6,913,1.8,59.9
38,16.1,District ,32.1,49.1,50.8,"1,260",3480515, North High,Worcester - North High,22.7,631,3,83.9
37,15.7,District ,28.6,46.3,53.6,"1,474",3480520, South High Community,Worcester - South High Community,20.7,770,2.5,75
1,17.9,District ,21.9,45.9,54.1,233,3480285, University Pk Campus School,Worcester - University Pk Campus School,14.6,120,0.6,77.3
7,15.4,District ,6.4,58.9,41.2,"1,458",3480605, Worcester Technical High,Worcester - Worcester Technical High,14.1,743,0.5,62.1
